"Economy","Economy.Code","ISO.Code","Region","Income.Group","Report.Year","WBL.INDEX","MOBILITY","Can.a.woman.choose.where.to.live.in.the.same.way.as.a.man.","Can.a.woman.travel.outside.her.home.in.the.same.way.as.a.man.","Can.a.woman.apply.for.a.passport.in.the.same.way.as.a.man.","Can.a.woman.travel.outside.the.country.in.the.same.way.as.a.man.","WORKPLACE","Can.a.woman.get.a.job.in.the.same.way.as.a.man.","Does.the.law.prohibit.discrimination.in.employment.based.on.gender.","Is.there.legislation.on.sexual.harassment.in.employment.","Are.there.criminal.penalties.or.civil.remedies.for.sexual.harassment.in.employment.","PAY","Does.the.law.mandate.equal.remuneration.for.work.of.equal.value.","Can.a.woman.work.at.night.in.the.same.way.as.a.man.","Can.a.woman.work.in.a.job.deemed.dangerous.in.the.same.way.as.a.man.","Can.a.woman.work.in.an.industrial.job.in.the.same.way.as.a.man.","MARRIAGE","Is.the.law.free.of.legal.provisions.that.require.a.married.woman.to.obey.her.husband.","Can.a.woman.be.head.of.household.in.the.same.way.as.a.man.","Is.there.legislation.specifically.addressing.domestic.violence.","Can.a.woman.obtain.a.judgment.of.divorce.in.the.same.way.as.a.man.","Does.a.woman.have.the.same.rights.to.remarry.as.a.man.","PARENTHOOD","Is.paid.leave.of.at.least.14.weeks.available.to.mothers.","Length.of.paid.maternity.leave","Does.the.government.administer.100.percent.of.maternity.leave.benefits.","Is.there.paid.leave.available.to.fathers.","Length.of.paid.paternity.leave","Is.there.paid.parental.leave.","Shared.days","Days.for.the.mother","Days.for.the.father","Is.dismissal.of.pregnant.workers.prohibited.","ENTREPRENEURSHIP","Does.the.law.prohibit.discrimination.in.access.to.credit.based.on.gender.","Can.a.woman.sign.a.contract.in.the.same.way.as.a.man.","Can.a.woman.register.a.business.in.the.same.way.as.a.man.","Can.a.woman.open.a.bank.account.in.the.same.way.as.a.man.","ASSETS","Do.women.and.men.have.equal.ownership.rights.to.immovable.property.","Do.sons.and.daughters.have.equal.rights.to.inherit.assets.from.their.parents.","Do.male.and.female.surviving.spouses.have.equal.rights.to.inherit.assets.","Does.the.law.grant.spouses.equal.administrative.authority.over.assets.during.marriage.","Does.the.law.provide.for.the.valuation.of.nonmonetary.contributions.","PENSION","Is.the.age.at.which.women.and.men.can.retire.with.full.pension.benefits.the.same.","Is.the.age.at.which.women.and.men.can.retire.with.partial.pension.benefits.the.same.","Is.the.mandatory.retirement.age.for.women.and.men.the.same.","Are.periods.of.absence.due.to.childcare.accounted.for.in.pension.benefits.","match","X","Country.Code","Foreign_direct_investment","agriculture_forestry_value_added","GNI.per.capita","net_barter_terms_of_trade_index","gdp_per_person_employed"
"afghanistan","AFG","AFG","South Asia","Low income",2018,38.1,50,"No","No","Yes","Yes",75,"Yes","No","Yes","Yes",0,"No","No","No","No",20,"No","Yes","No","No","No",20,"No",90,"No","Yes",14,"No",0,0,0,"No",75,"No","Yes","Yes","Yes",40,"Yes","No","No","Yes","No",25,"No","No","Yes","No",TRUE,2,"AFG",0.6615722178,-4.415311367,520,105.6302459,12983.23005
"albania","ALB","ALB","Europe & Central Asia","Upper middle income",2018,91.3,100,"Yes","Yes","Yes","Yes",100,"Yes","Yes","Yes","Yes",100,"Yes","Yes","Yes","Yes",100,"Yes","Yes","Yes","Yes","Yes",80,"Yes",365,"Yes","Yes",3,"No",0,0,0,"Yes",100,"Yes","Yes","Yes","Yes",100,"Yes","Yes","Yes","Yes","Yes",50,"No","No","Yes","Yes",TRUE,5,"ALB",7.9463557,1.176934471,4860,104.1489993,34407.27438
"algeria","DZA","DZA","Middle East & North Africa","Lower middle income",2018,57.5,75,"Yes","Yes","No","Yes",75,"Yes","No","Yes","Yes",50,"Yes","No","No","Yes",60,"Yes","Yes","Yes","No","No",60,"Yes",98,"Yes","Yes",3,"No",0,0,0,"No",75,"No","Yes","Yes","Yes",40,"Yes","No","No","Yes","No",25,"No","No","No","Yes",TRUE,60,"DZA",0.7535760886,3.262142519,4510,111.0198246,60730.42471
"angola","AGO","AGO","Sub-Saharan Africa","Lower middle income",2018,73.1,100,"Yes","Yes","Yes","Yes",50,"Yes","Yes","No","No",50,"Yes","Yes","No","No",100,"Yes","Yes","Yes","Yes","Yes",60,"No",90,"Yes","Yes",1,"No",0,0,0,"Yes",100,"Yes","Yes","Yes","Yes",100,"Yes","Yes","Yes","Yes","Yes",25,"No","Yes","No","No",TRUE,4,"AGO",-8.125891109,-2.482599407,1970,136.9240601,25229.26102
"antigua and barbuda","ATG","ATG","Latin America & Caribbean","High income",2018,66.3,75,"No","Yes","Yes","Yes",50,"Yes","Yes","No","No",75,"No","Yes","Yes","Yes",100,"Yes","Yes","Yes","Yes","Yes",0,"No",91,"No","No",0,"No",0,0,0,"No",75,"No","Yes","Yes","Yes",80,"Yes","Yes","Yes","Yes","No",75,"Yes","Yes","Yes","No",TRUE,12,"ATG",12.17751936,1.024363234,17330,94.03418828,NA
"argentina","ARG","ARG","Latin America & Caribbean","Upper middle income",2018,73.1,100,"Yes","Yes","Yes","Yes",75,"Yes","Yes","Yes","No",50,"Yes","Yes","No","No",100,"Yes","Yes","Yes","Yes","Yes",60,"No",90,"Yes","Yes",2,"No",0,0,0,"Yes",75,"No","Yes","Yes","Yes",100,"Yes","Yes","Yes","Yes","Yes",25,"No","Yes","No","No",TRUE,9,"ARG",2.232531577,-14.58152225,12430,104.2424656,66981.37641
"armenia","ARM","ARM","Europe & Central Asia","Upper middle income",2018,82.5,100,"Yes","Yes","Yes","Yes",50,"Yes","Yes","No","No",75,"No","Yes","Yes","Yes",80,"Yes","Yes","No","Yes","Yes",80,"Yes",140,"Yes","No",0,"Yes",660,0,0,"Yes",75,"No","Yes","Yes","Yes",100,"Yes","Yes","Yes","Yes","Yes",100,"Yes","Yes","Yes","Yes",TRUE,10,"ARM",2.142047834,-6.900000005,4410,110.8858328,36811.01447
"australia","AUS","AUS","High income: OECD","High income",2018,96.9,100,"Yes","Yes","Yes","Yes",100,"Yes","Yes","Yes","Yes",100,"Yes","Yes","Yes","Yes",100,"Yes","Yes","Yes","Yes","Yes",100,"Yes",0,"Yes","Yes",14,"Yes",126,0,0,"Yes",100,"Yes","Yes","Yes","Yes",100,"Yes","Yes","Yes","Yes","Yes",75,"Yes","Yes","Yes","No",TRUE,13,"AUS",4.244611488,-2.771312972,53150,118.5722402,112505.3171
"austria","AUT","AUT","High income: OECD","High income",2018,94.4,100,"Yes","Yes","Yes","Yes",100,"Yes","Yes","Yes","Yes",100,"Yes","Yes","Yes","Yes",100,"Yes","Yes","Yes","Yes","Yes",80,"Yes",112,"Yes","No",0,"Yes",540,0,0,"Yes",100,"Yes","Yes","Yes","Yes",100,"Yes","Yes","Yes","Yes","Yes",75,"No","Yes","Yes","Yes",TRUE,14,"AUT",-6.287101585,2.889243668,48980,97.31589294,130446.3929
"azerbaijan","AZE","AZE","Europe & Central Asia","Upper middle income",2018,78.8,100,"Yes","Yes","Yes","Yes",100,"Yes","Yes","Yes","Yes",0,"No","No","No","No",100,"Yes","Yes","Yes","Yes","Yes",80,"Yes",126,"Yes","No",0,"Yes",1039,0,0,"Yes",100,"Yes","Yes","Yes","Yes",100,"Yes","Yes","Yes","Yes","Yes",50,"No","Yes","Yes","No",TRUE,15,"AZE",2.977975891,4.599994751,4080,126.1502196,42012.75896
"bahamas, the","BHS","BHS","Latin America & Caribbean","High income",2018,81.3,100,"Yes","Yes","Yes","Yes",100,"Yes","Yes","Yes","Yes",75,"No","Yes","Yes","Yes",80,"Yes","Yes","Yes","No","Yes",20,"No",84,"No","No",0,"No",0,0,0,"Yes",75,"No","Yes","Yes","Yes",100,"Yes","Yes","Yes","Yes","Yes",100,"Yes","Yes","Yes","Yes",TRUE,23,"BHS",3.895152818,-12.41170535,29460,99.50862751,62168.56928
"bahrain","BHR","BHR","Middle East & North Africa","High income",2018,37.5,50,"No","No","Yes","Yes",25,"No","Yes","No","No",0,"No","No","No","No",20,"No","No","Yes","No","No",40,"No",60,"No","Yes",1,"No",0,0,0,"Yes",75,"No","Yes","Yes","Yes",40,"Yes","No","No","Yes","No",50,"No","Yes","Yes","No",TRUE,22,"BHR",4.376104667,3.764790765,23190,108.5529443,93584.55688
"bangladesh","BGD","BGD","South Asia","Lower middle income",2018,49.4,100,"Yes","Yes","Yes","Yes",50,"Yes","No","Yes","No",25,"No","Yes","No","No",60,"Yes","Yes","Yes","No","No",20,"Yes",112,"No","No",0,"No",0,0,0,"No",75,"No","Yes","Yes","Yes",40,"Yes","No","No","Yes","No",25,"No","No","Yes","No",TRUE,20,"BGD",0.7535491372,3.544539901,2020,91.7478267,15900.59605
"barbados","BRB","BRB","Latin America & Caribbean","High income",2018,70.6,75,"Yes","Yes","No","Yes",25,"Yes","No","No","No",50,"No","Yes","Yes","No",100,"Yes","Yes","Yes","Yes","Yes",40,"No",84,"Yes","No",0,"No",0,0,0,"Yes",75,"No","Yes","Yes","Yes",100,"Yes","Yes","Yes","Yes","Yes",100,"Yes","Yes","Yes","Yes",TRUE,30,"BRB",4.711003074,20.93163958,17170,98.07116871,35714.69187
"belarus","BLR","BLR","Europe & Central Asia","Upper middle income",2018,75.6,100,"Yes","Yes","Yes","Yes",50,"Yes","Yes","No","No",50,"Yes","Yes","No","No",100,"Yes","Yes","Yes","Yes","Yes",80,"Yes",126,"Yes","No",0,"Yes",1095,0,0,"Yes",75,"No","Yes","Yes","Yes",100,"Yes","Yes","Yes","Yes","Yes",50,"No","No","Yes","Yes",TRUE,25,"BLR",2.376265379,-15.51200084,5730,101.9014918,51231.39654
"belgium","BEL","BEL","High income: OECD","High income",2018,100,100,"Yes","Yes","Yes","Yes",100,"Yes","Yes","Yes","Yes",100,"Yes","Yes","Yes","Yes",100,"Yes","Yes","Yes","Yes","Yes",100,"Yes",105,"Yes","Yes",14,"Yes",0,120,120,"Yes",100,"Yes","Yes","Yes","Yes",100,"Yes","Yes","Yes","Yes","Yes",100,"Yes","Yes","Yes","Yes",TRUE,17,"BEL",-7.657179957,-8.473108971,46060,98.6541471,143708.0324
"belize","BLZ","BLZ","Latin America & Caribbean","Upper middle income",2018,79.4,75,"Yes","Yes","No","Yes",75,"Yes","No","Yes","Yes",50,"No","Yes","Yes","No",100,"Yes","Yes","Yes","Yes","Yes",60,"Yes",98,"Yes","No",0,"No",0,0,0,"Yes",75,"No","Yes","Yes","Yes",100,"Yes","Yes","Yes","Yes","Yes",100,"Yes","Yes","Yes","Yes",TRUE,26,"BLZ",5.322850709,-2.385852364,5600,104.8077107,27748.45971
"benin","BEN","BEN","Sub-Saharan Africa","Lower middle income",2018,74.4,50,"No","Yes","No","Yes",100,"Yes","Yes","Yes","Yes",50,"Yes","Yes","No","No",80,"Yes","Yes","Yes","Yes","No",60,"Yes",98,"No","Yes",3,"No",0,0,0,"Yes",75,"No","Yes","Yes","Yes",80,"Yes","Yes","Yes","Yes","No",100,"Yes","Yes","Yes","Yes",TRUE,18,"BEN",1.360735733,7.329068917,1150,109.166102,9279.279383
"bhutan","BTN","BTN","South Asia","Lower middle income",2018,75,100,"Yes","Yes","Yes","Yes",100,"Yes","Yes","Yes","Yes",100,"Yes","Yes","Yes","Yes",80,"Yes","Yes","Yes","No","Yes",40,"No",56,"No","Yes",7,"No",0,0,0,"Yes",75,"No","Yes","Yes","Yes",80,"Yes","Yes","Yes","Yes","No",25,"No","No","Yes","No",TRUE,32,"BTN",0.1025594268,2.870721593,3140,112.9405288,30473.7951
"bolivia","BOL","BOL","Latin America & Caribbean","Lower middle income",2018,88.8,100,"Yes","Yes","Yes","Yes",75,"Yes","No","Yes","Yes",100,"Yes","Yes","Yes","Yes",100,"Yes","Yes","Yes","Yes","Yes",60,"No",90,"Yes","Yes",3,"No",0,0,0,"Yes",100,"Yes","Yes","Yes","Yes",100,"Yes","Yes","Yes","Yes","Yes",75,"No","Yes","Yes","Yes",TRUE,28,"BOL",0.7505247809,6.911447373,3290,99.62844817,20867.36003
"bosnia and herzegovina","BIH","BIH","Europe & Central Asia","Upper middle income",2018,88.1,100,"Yes","Yes","Yes","Yes",100,"Yes","Yes","Yes","Yes",50,"Yes","No","Yes","No",100,"Yes","Yes","Yes","Yes","Yes",80,"Yes",365,"Yes","Yes",9,"No",0,0,0,"Yes",100,"Yes","Yes","Yes","Yes",100,"Yes","Yes","Yes","Yes","Yes",75,"Yes","Yes","Yes","No",TRUE,24,"BIH",2.937813584,9.104776372,5700,102.3475342,51724.87241
"botswana","BWA","BWA","Sub-Saharan Africa","Upper middle income",2018,63.8,75,"Yes","Yes","No","Yes",25,"Yes","No","No","No",75,"No","Yes","Yes","Yes",100,"Yes","Yes","Yes","Yes","Yes",0,"No",84,"No","No",0,"No",0,0,0,"No",75,"No","Yes","Yes","Yes",60,"Yes","No","Yes","Yes","No",100,"Yes","Yes","Yes","Yes",TRUE,33,"BWA",1.678933864,8.066321837,6270,93.18093965,49431.61892
"brazil","BRA","BRA","Latin America & Caribbean","Upper middle income",2018,81.9,100,"Yes","Yes","Yes","Yes",100,"Yes","Yes","Yes","Yes",75,"No","Yes","Yes","Yes",100,"Yes","Yes","Yes","Yes","Yes",80,"Yes",120,"Yes","Yes",7,"No",0,0,0,"Yes",75,"No","Yes","Yes","Yes",100,"Yes","Yes","Yes","Yes","Yes",25,"No","No","No","Yes",TRUE,29,"BRA",4.078588214,1.307055777,9140,106.8817981,39721.45014
"brunei darussalam","BRN","BRN","East Asia & Pacific","High income",2018,53.1,50,"No","No","Yes","Yes",25,"Yes","No","No","No",75,"No","Yes","Yes","Yes",40,"No","Yes","Yes","No","No",0,"No",91,"No","No",0,"No",0,0,0,"No",75,"No","Yes","Yes","Yes",60,"Yes","No","No","Yes","Yes",100,"Yes","Yes","Yes","Yes",TRUE,31,"BRN",3.804857316,-1.575770196,29030,117.0353354,171789.4563
"bulgaria","BGR","BGR","Europe & Central Asia","Upper middle income",2018,90.6,100,"Yes","Yes","Yes","Yes",100,"Yes","Yes","Yes","Yes",100,"Yes","Yes","Yes","Yes",100,"Yes","Yes","Yes","Yes","Yes",100,"Yes",410,"Yes","Yes",15,"Yes",365,0,0,"Yes",100,"Yes","Yes","Yes","Yes",100,"Yes","Yes","Yes","Yes","Yes",25,"No","No","No","Yes",TRUE,21,"BGR",2.726919382,-1.98472782,8530,99.01467022,59414.7599
"burkina faso","BFA","BFA","Sub-Saharan Africa","Low income",2018,76.9,75,"No","Yes","Yes","Yes",100,"Yes","Yes","Yes","Yes",25,"No","Yes","No","No",60,"Yes","Yes","No","Yes","No",80,"Yes",98,"Yes","Yes",3,"No",0,0,0,"Yes",75,"No","Yes","Yes","Yes",100,"Yes","Yes","Yes","Yes","Yes",100,"Yes","Yes","Yes","Yes",TRUE,19,"BFA",1.689199429,8.555423838,730,105.1429314,6750.046878
"burundi","BDI","BDI","Sub-Saharan Africa","Low income",2018,73.1,100,"Yes","Yes","Yes","Yes",100,"Yes","Yes","Yes","Yes",75,"No","Yes","Yes","Yes",60,"Yes","No","Yes","Yes","No",40,"No",84,"No","Yes",4,"No",0,0,0,"Yes",75,"No","Yes","Yes","Yes",60,"Yes","No","No","Yes","Yes",75,"Yes","Yes","Yes","No",TRUE,16,"BDI",0.2498341675,2.999990712,240,100.2350765,2168.848757
"cabo verde","CPV","CPV","Sub-Saharan Africa","Lower middle income",2018,86.3,100,"Yes","Yes","Yes","Yes",100,"Yes","Yes","Yes","Yes",75,"No","Yes","Yes","Yes",100,"Yes","Yes","Yes","Yes","Yes",40,"No",60,"No","Yes",2,"No",0,0,0,"Yes",100,"Yes","Yes","Yes","Yes",100,"Yes","Yes","Yes","Yes","Yes",75,"No","Yes","Yes","Yes",TRUE,47,"CPV",4.69595736,-13.31367271,3630,101.8981201,21783.94116
"cambodia","KHM","KHM","East Asia & Pacific","Lower middle income",2018,75,100,"Yes","Yes","Yes","Yes",100,"Yes","Yes","Yes","Yes",75,"No","Yes","Yes","Yes",80,"Yes","Yes","Yes","Yes","No",20,"No",90,"No","No",0,"No",0,0,0,"Yes",100,"Yes","Yes","Yes","Yes",100,"Yes","Yes","Yes","Yes","Yes",25,"No","No","Yes","No",TRUE,123,"KHM",13.07449807,1.097919985,1420,92.60951834,8651.108885
"cameroon","CMR","CMR","Sub-Saharan Africa","Lower middle income",2018,60,50,"No","Yes","No","Yes",75,"No","Yes","Yes","Yes",25,"No","Yes","No","No",40,"Yes","No","No","Yes","No",80,"Yes",98,"Yes","Yes",3,"No",0,0,0,"Yes",50,"No","Yes","Yes","No",60,"No","Yes","Yes","No","Yes",100,"Yes","Yes","Yes","Yes",TRUE,42,"CMR",1.914857813,3.843857577,1500,107.6103773,12137.88887
"canada","CAN","CAN","High income: OECD","High income",2018,97.5,100,"Yes","Yes","Yes","Yes",100,"Yes","Yes","Yes","Yes",100,"Yes","Yes","Yes","Yes",100,"Yes","Yes","Yes","Yes","Yes",80,"Yes",105,"Yes","No",0,"Yes",245,0,0,"Yes",100,"Yes","Yes","Yes","Yes",100,"Yes","Yes","Yes","Yes","Yes",100,"Yes","Yes","Yes","Yes",TRUE,35,"CAN",2.469312073,-0.3855850631,45060,103.9633973,109265.1303
"central african republic","CAF","CAF","Sub-Saharan Africa","Low income",2018,77.5,75,"No","Yes","Yes","Yes",100,"Yes","Yes","Yes","Yes",50,"No","Yes","No","Yes",80,"Yes","No","Yes","Yes","Yes",40,"Yes",98,"No","Yes",2,"No",0,0,0,"No",75,"No","Yes","Yes","Yes",100,"Yes","Yes","Yes","Yes","Yes",100,"Yes","Yes","Yes","Yes",TRUE,34,"CAF",0.810612744,-65.95944334,450,97.22818719,3159.754155
"chad","TCD","TCD","Sub-Saharan Africa","Low income",2018,66.3,75,"No","Yes","Yes","Yes",75,"No","Yes","Yes","Yes",50,"Yes","Yes","No","No",60,"Yes","No","Yes","Yes","No",60,"Yes",98,"No","Yes",1,"No",0,0,0,"Yes",50,"No","Yes","Yes","No",60,"No","Yes","Yes","No","Yes",100,"Yes","Yes","Yes","Yes",TRUE,229,"TCD",4.100752958,-1.320007374,670,127.5481952,6284.226515
"chile","CHL","CHL","High income: OECD","High income",2018,77.5,100,"Yes","Yes","Yes","Yes",75,"Yes","Yes","Yes","No",75,"No","Yes","Yes","Yes",60,"Yes","No","Yes","Yes","No",100,"Yes",126,"Yes","Yes",7,"Yes",42,42,0,"Yes",75,"No","Yes","Yes","Yes",60,"No","Yes","Yes","No","Yes",75,"No","Yes","Yes","Yes",TRUE,39,"CHL",2.684613452,3.761050404,14610,111.3294798,64061.37531
"china","CHN","CHN","East Asia & Pacific","Upper middle income",2018,75.6,100,"Yes","Yes","Yes","Yes",100,"Yes","Yes","Yes","Yes",25,"No","Yes","No","No",100,"Yes","Yes","Yes","Yes","Yes",80,"Yes",128,"Yes","Yes",14,"No",0,0,0,"Yes",75,"No","Yes","Yes","Yes",100,"Yes","Yes","Yes","Yes","Yes",25,"No","Yes","No","No",TRUE,40,"CHN",1.693894284,3.4829175,9540,91.45233993,33029.02898
"colombia","COL","COL","Latin America & Caribbean","Upper middle income",2018,81.9,100,"Yes","Yes","Yes","Yes",100,"Yes","Yes","Yes","Yes",50,"No","Yes","Yes","No",100,"Yes","Yes","Yes","Yes","Yes",80,"Yes",126,"Yes","Yes",10,"No",0,0,0,"Yes",75,"No","Yes","Yes","Yes",100,"Yes","Yes","Yes","Yes","Yes",50,"No","Yes","Yes","No",TRUE,45,"COL",3.380835732,1.593930802,6320,126.5359734,37964.15878
"comoros","COM","COM","Sub-Saharan Africa","Lower middle income",2018,65,75,"No","Yes","Yes","Yes",75,"No","Yes","Yes","Yes",100,"Yes","Yes","Yes","Yes",40,"Yes","No","Yes","No","No",40,"Yes",98,"No","No",0,"No",0,0,0,"Yes",75,"No","Yes","Yes","Yes",40,"Yes","No","No","Yes","No",75,"Yes","Yes","Yes","No",TRUE,46,"COM",0.4771500924,5.532654025,1480,53.53746521,13624.96957
"congo, dem. rep.","ZAR","COD","Sub-Saharan Africa","Low income",2018,70,100,"Yes","Yes","Yes","Yes",100,"Yes","Yes","Yes","Yes",50,"No","Yes","No","Yes",40,"Yes","No","No","Yes","No",60,"Yes",98,"No","Yes",2,"No",0,0,0,"Yes",100,"Yes","Yes","Yes","Yes",60,"No","Yes","Yes","No","Yes",50,"No","Yes","Yes","No",TRUE,43,"COD",2.959042579,1.573805656,480,116.172923,3931.176183
"congo, rep.","COG","COG","Sub-Saharan Africa","Lower middle income",2018,49.4,50,"No","Yes","No","Yes",25,"Yes","No","No","No",25,"No","Yes","No","No",40,"Yes","No","No","Yes","No",20,"Yes",105,"No","No",0,"No",0,0,0,"No",75,"No","Yes","Yes","Yes",60,"No","Yes","Yes","No","Yes",100,"Yes","Yes","Yes","Yes",TRUE,44,"COG",29.20861004,-0.03365783312,2080,130.3683479,22863.96742
"costa rica","CRI","CRI","Latin America & Caribbean","Upper middle income",2018,80,100,"Yes","Yes","Yes","Yes",100,"Yes","Yes","Yes","Yes",25,"No","No","No","Yes",100,"Yes","Yes","Yes","Yes","Yes",40,"Yes",120,"No","No",0,"No",0,0,0,"Yes",75,"No","Yes","Yes","Yes",100,"Yes","Yes","Yes","Yes","Yes",100,"Yes","Yes","Yes","Yes",TRUE,48,"CRI",4.829438721,4.008161172,11880,98.7676937,51574.89855
"cote d'ivoire","CIV","CIV","Sub-Saharan Africa","Lower middle income",2018,81.3,100,"Yes","Yes","Yes","Yes",100,"Yes","Yes","Yes","Yes",75,"Yes","Yes","No","Yes",60,"Yes","Yes","No","Yes","No",80,"Yes",98,"Yes","Yes",2,"No",0,0,0,"Yes",75,"No","Yes","Yes","Yes",60,"No","Yes","Yes","No","Yes",100,"Yes","Yes","Yes","Yes",TRUE,41,"CIV",1.059986996,11.40331416,2160,88.72839344,16974.15207
"croatia","HRV","HRV","Europe & Central Asia","High income",2018,93.8,100,"Yes","Yes","Yes","Yes",100,"Yes","Yes","Yes","Yes",100,"Yes","Yes","Yes","Yes",100,"Yes","Yes","Yes","Yes","Yes",100,"Yes",208,"Yes","Yes",0,"Yes",0,120,120,"Yes",100,"Yes","Yes","Yes","Yes",100,"Yes","Yes","Yes","Yes","Yes",50,"No","No","Yes","Yes",TRUE,99,"HRV",2.121166474,6.171184816,14430,96.44311155,82172.82586
"cyprus","CYP","CYP","Europe & Central Asia","High income",2018,88.8,75,"Yes","Yes","No","Yes",100,"Yes","Yes","Yes","Yes",75,"Yes","Yes","Yes","No",100,"Yes","Yes","Yes","Yes","Yes",60,"Yes",126,"Yes","No",0,"No",0,0,0,"Yes",100,"Yes","Yes","Yes","Yes",100,"Yes","Yes","Yes","Yes","Yes",100,"Yes","Yes","Yes","Yes",TRUE,53,"CYP",-4.337409054,-2.337752677,27390,100.1592451,66587.88028
"czechia","CZE","CZE","High income: OECD","High income",2018,91.3,100,"Yes","Yes","Yes","Yes",100,"Yes","Yes","Yes","Yes",100,"Yes","Yes","Yes","Yes",100,"Yes","Yes","Yes","Yes","Yes",80,"Yes",196,"Yes","No",0,"Yes",720,0,0,"Yes",100,"Yes","Yes","Yes","Yes",100,"Yes","Yes","Yes","Yes","Yes",50,"No","No","Yes","Yes",TRUE,54,"CZE",3.343233058,4.080489736,20560,99.31377883,95141.14588
"denmark","DNK","DNK","High income: OECD","High income",2018,100,100,"Yes","Yes","Yes","Yes",100,"Yes","Yes","Yes","Yes",100,"Yes","Yes","Yes","Yes",100,"Yes","Yes","Yes","Yes","Yes",100,"Yes",126,"Yes","Yes",14,"Yes",224,0,0,"Yes",100,"Yes","Yes","Yes","Yes",100,"Yes","Yes","Yes","Yes","Yes",100,"Yes","Yes","Yes","Yes",TRUE,58,"DNK",2.456000967,-1.381652746,61260,98.72628362,136343.9433
"djibouti","DJI","DJI","Middle East & North Africa","Lower middle income",2018,62.5,100,"Yes","Yes","Yes","Yes",50,"Yes","Yes","No","No",50,"Yes","Yes","No","No",0,"No","No","No","No","No",60,"Yes",98,"No","Yes",3,"No",0,0,0,"Yes",100,"Yes","Yes","Yes","Yes",40,"Yes","No","No","Yes","No",100,"Yes","Yes","Yes","Yes",TRUE,56,"DJI",5.834973097,14.99216559,2750,99.15652228,35109.70187
"dominica","DMA","DMA","Latin America & Caribbean","Upper middle income",2018,62.5,75,"Yes","Yes","No","Yes",25,"Yes","No","No","No",50,"No","Yes","Yes","No",100,"Yes","Yes","Yes","Yes","Yes",0,"No",84,"No","No",0,"No",0,0,0,"No",75,"No","Yes","Yes","Yes",100,"Yes","Yes","Yes","Yes","Yes",75,"Yes","Yes","Yes","No",TRUE,57,"DMA",14.11091439,-27.37649367,7890,99.97985485,NA
"dominican republic","DOM","DOM","Latin America & Caribbean","Upper middle income",2018,86.3,100,"Yes","Yes","Yes","Yes",100,"Yes","Yes","Yes","Yes",75,"No","Yes","Yes","Yes",80,"Yes","Yes","Yes","No","Yes",60,"Yes",98,"No","Yes",2,"No",0,0,0,"Yes",100,"Yes","Yes","Yes","Yes",100,"Yes","Yes","Yes","Yes","Yes",75,"Yes","Yes","Yes","No",TRUE,59,"DOM",3.207863345,5.499131802,7680,94.98549185,47719.71768
"ecuador","ECU","ECU","Latin America & Caribbean","Upper middle income",2018,89.4,100,"Yes","Yes","Yes","Yes",100,"Yes","Yes","Yes","Yes",100,"Yes","Yes","Yes","Yes",100,"Yes","Yes","Yes","Yes","Yes",40,"No",84,"No","Yes",14,"No",0,0,0,"Yes",75,"No","Yes","Yes","Yes",100,"Yes","Yes","Yes","Yes","Yes",100,"Yes","Yes","Yes","Yes",TRUE,66,"ECU",1.292609025,1.011909987,6140,112.9475756,30217.02652
"egypt, arab rep.","EGY","EGY","Middle East & North Africa","Lower middle income",2018,45,50,"Yes","No","No","Yes",75,"No","Yes","Yes","Yes",0,"No","No","No","No",0,"No","No","No","No","No",20,"No",90,"No","No",0,"No",0,0,0,"Yes",75,"No","Yes","Yes","Yes",40,"Yes","No","No","Yes","No",100,"Yes","Yes","Yes","Yes",TRUE,67,"EGY",3.100400776,3.073872063,2760,105.5526002,56810.05263
"el salvador","SLV","SLV","Latin America & Caribbean","Upper middle income",2018,88.8,100,"Yes","Yes","Yes","Yes",100,"Yes","Yes","Yes","Yes",75,"No","Yes","Yes","Yes",80,"Yes","Yes","Yes","Yes","No",80,"Yes",112,"Yes","Yes",3,"No",0,0,0,"Yes",100,"Yes","Yes","Yes","Yes",100,"Yes","Yes","Yes","Yes","Yes",75,"No","Yes","Yes","Yes",TRUE,211,"SLV",1.586204787,-2.726302513,3900,97.37637015,24765.44823
"equatorial guinea","GNQ","GNQ","Sub-Saharan Africa","Upper middle income",2018,51.9,75,"No","Yes","Yes","Yes",25,"No","Yes","No","No",100,"Yes","Yes","Yes","Yes",20,"No","Yes","No","No","No",60,"No",84,"Yes","Yes",3,"No",0,0,0,"Yes",0,"No","No","No","No",60,"No","Yes","Yes","No","Yes",75,"Yes","Yes","Yes","No",TRUE,88,"GNQ",-1.103043721,-2.450023909,5860,125.3661898,69595.72807
"eritrea","ERI","ERI","Sub-Saharan Africa","Low income",2018,69.4,100,"Yes","Yes","Yes","Yes",100,"Yes","Yes","Yes","Yes",75,"No","Yes","Yes","Yes",60,"Yes","Yes","No","Yes","No",20,"No",60,"No","No",0,"No",0,0,0,"Yes",75,"No","Yes","Yes","Yes",100,"Yes","Yes","Yes","Yes","Yes",25,"No","No","Yes","No",TRUE,69,"ERI",NA,NA,NA,108.0683538,NA
"estonia","EST","EST","High income: OECD","High income",2018,97.5,100,"Yes","Yes","Yes","Yes",100,"Yes","Yes","Yes","Yes",100,"Yes","Yes","Yes","Yes",80,"Yes","Yes","No","Yes","Yes",100,"Yes",140,"Yes","Yes",14,"Yes",435,0,0,"Yes",100,"Yes","Yes","Yes","Yes",100,"Yes","Yes","Yes","Yes","Yes",100,"Yes","Yes","Yes","Yes",TRUE,71,"EST",4.024064024,-10.47112566,21180,101.0115094,80758.68593
"eswatini","SWZ","SWZ","Sub-Saharan Africa","Lower middle income",2018,43.8,100,"Yes","Yes","Yes","Yes",25,"No","Yes","No","No",50,"No","Yes","Yes","No",20,"Yes","No","No","No","No",20,"No",14,"No","No",0,"No",0,0,0,"Yes",0,"No","No","No","No",60,"Yes","No","No","Yes","Yes",75,"Yes","Yes","Yes","No",TRUE,224,"SWZ",0.6670989551,5.869602743,3550,99.82851592,37335.87219
"ethiopia","ETH","ETH","Sub-Saharan Africa","Low income",2018,71.9,100,"Yes","Yes","Yes","Yes",100,"Yes","Yes","Yes","Yes",25,"No","Yes","No","No",80,"Yes","Yes","Yes","Yes","No",20,"No",90,"No","No",0,"No",0,0,0,"Yes",75,"No","Yes","Yes","Yes",100,"Yes","Yes","Yes","Yes","Yes",75,"Yes","Yes","Yes","No",TRUE,72,"ETH",3.987719716,3.506834777,780,91.69488054,5072.139432
"fiji","FJI","FJI","East Asia & Pacific","Upper middle income",2018,74.4,75,"Yes","Yes","No","Yes",100,"Yes","Yes","Yes","Yes",50,"No","Yes","Yes","No",100,"Yes","Yes","Yes","Yes","Yes",20,"No",84,"No","No",0,"No",0,0,0,"Yes",75,"No","Yes","Yes","Yes",100,"Yes","Yes","Yes","Yes","Yes",75,"Yes","Yes","Yes","No",TRUE,76,"FJI",8.400381182,3.683986854,5680,100.1233022,35187.84585
"finland","FIN","FIN","High income: OECD","High income",2018,97.5,100,"Yes","Yes","Yes","Yes",100,"Yes","Yes","Yes","Yes",100,"Yes","Yes","Yes","Yes",100,"Yes","Yes","Yes","Yes","Yes",80,"Yes",147,"No","Yes",76,"Yes",221,0,0,"Yes",100,"Yes","Yes","Yes","Yes",100,"Yes","Yes","Yes","Yes","Yes",100,"Yes","Yes","Yes","Yes",TRUE,75,"FIN",-3.834382302,-0.8236239454,48210,96.93345841,123663.3781
"france","FRA","FRA","High income: OECD","High income",2018,100,100,"Yes","Yes","Yes","Yes",100,"Yes","Yes","Yes","Yes",100,"Yes","Yes","Yes","Yes",100,"Yes","Yes","Yes","Yes","Yes",100,"Yes",112,"Yes","Yes",15,"Yes",0,180,180,"Yes",100,"Yes","Yes","Yes","Yes",100,"Yes","Yes","Yes","Yes","Yes",100,"Yes","Yes","Yes","Yes",TRUE,77,"FRA",2.776578144,3.914288249,41170,96.71726607,130357.2
"gabon","GAB","GAB","Sub-Saharan Africa","Upper middle income",2018,57.5,50,"No","Yes","No","Yes",75,"No","Yes","Yes","Yes",25,"No","Yes","No","No",20,"No","No","No","Yes","No",80,"Yes",98,"Yes","Yes",3,"No",0,0,0,"Yes",50,"No","Yes","Yes","No",60,"No","Yes","Yes","No","Yes",100,"Yes","Yes","Yes","Yes",TRUE,80,"GAB",8.175989414,9.490879855,6610,126.3239068,82399.38061
"gambia, the","GMB","GMB","Sub-Saharan Africa","Low income",2018,69.4,100,"Yes","Yes","Yes","Yes",50,"Yes","Yes","No","No",75,"No","Yes","Yes","Yes",60,"Yes","Yes","Yes","No","No",60,"Yes",180,"No","Yes",14,"No",0,0,0,"Yes",75,"No","Yes","Yes","Yes",60,"Yes","No","No","Yes","Yes",75,"Yes","Yes","Yes","No",TRUE,86,"GMB",4.896535018,3.691249889,670,102.9324149,8052.84345
"georgia","GEO","GEO","Europe & Central Asia","Upper middle income",2018,79.4,100,"Yes","Yes","Yes","Yes",75,"Yes","Yes","Yes","No",75,"No","Yes","Yes","Yes",100,"Yes","Yes","Yes","Yes","Yes",60,"Yes",183,"Yes","No",0,"No",0,0,0,"Yes",75,"No","Yes","Yes","Yes",100,"Yes","Yes","Yes","Yes","Yes",50,"No","Yes","Yes","No",TRUE,82,"GEO",7.284019766,13.09763071,4580,106.2770698,38792.28282
"germany","DEU","DEU","High income: OECD","High income",2018,96.9,100,"Yes","Yes","Yes","Yes",100,"Yes","Yes","Yes","Yes",75,"No","Yes","Yes","Yes",100,"Yes","Yes","Yes","Yes","Yes",100,"Yes",98,"Yes","Yes",0,"Yes",300,60,60,"Yes",100,"Yes","Yes","Yes","Yes",100,"Yes","Yes","Yes","Yes","Yes",100,"Yes","Yes","Yes","Yes",TRUE,55,"DEU",4.1997218,-17.59570782,47490,99.1337394,121049.8446
"ghana","GHA","GHA","Sub-Saharan Africa","Lower middle income",2018,75,100,"Yes","Yes","Yes","Yes",100,"Yes","Yes","Yes","Yes",50,"No","Yes","Yes","No",100,"Yes","Yes","Yes","Yes","Yes",20,"No",84,"No","No",0,"No",0,0,0,"Yes",75,"No","Yes","Yes","Yes",80,"Yes","Yes","Yes","Yes","No",75,"Yes","Yes","Yes","No",TRUE,83,"GHA",4.441431213,4.875724295,2050,110.5016766,14968.99735
"greece","GRC","GRC","High income: OECD","High income",2018,97.5,100,"Yes","Yes","Yes","Yes",100,"Yes","Yes","Yes","Yes",100,"Yes","Yes","Yes","Yes",100,"Yes","Yes","Yes","Yes","Yes",80,"Yes",119,"Yes","Yes",2,"No",0,0,0,"Yes",100,"Yes","Yes","Yes","Yes",100,"Yes","Yes","Yes","Yes","Yes",100,"Yes","Yes","Yes","Yes",TRUE,89,"GRC",1.898353352,-2.020023545,19080,99.3892573,92101.27169
"grenada","GRD","GRD","Latin America & Caribbean","Upper middle income",2018,77.5,75,"Yes","Yes","No","Yes",50,"Yes","Yes","No","No",100,"Yes","Yes","Yes","Yes",100,"Yes","Yes","Yes","Yes","Yes",20,"No",90,"No","No",0,"No",0,0,0,"Yes",75,"No","Yes","Yes","Yes",100,"Yes","Yes","Yes","Yes","Yes",100,"Yes","Yes","Yes","Yes",TRUE,90,"GRD",15.94413496,2.892376682,8750,85.49328803,NA
"guatemala","GTM","GTM","Latin America & Caribbean","Upper middle income",2018,73.8,100,"Yes","Yes","Yes","Yes",25,"Yes","No","No","No",50,"No","Yes","No","Yes",80,"Yes","Yes","Yes","No","Yes",60,"No",84,"Yes","Yes",2,"No",0,0,0,"Yes",75,"No","Yes","Yes","Yes",100,"Yes","Yes","Yes","Yes","Yes",100,"Yes","Yes","Yes","Yes",TRUE,92,"GTM",1.257900485,2.508573951,4400,99.18176456,29683.74623
"guinea","GIN","GIN","Sub-Saharan Africa","Lower middle income",2018,62.5,75,"No","Yes","Yes","Yes",75,"No","Yes","Yes","Yes",50,"Yes","Yes","No","No",20,"Yes","No","No","No","No",20,"Yes",98,"No","No",0,"No",0,0,0,"No",100,"Yes","Yes","Yes","Yes",60,"Yes","Yes","No","Yes","No",100,"Yes","Yes","Yes","Yes",TRUE,85,"GIN",2.975112563,5.634074757,850,107.9669299,11939.84953
"guinea-bissau","GNB","GNB","Sub-Saharan Africa","Low income",2018,40,75,"No","Yes","Yes","Yes",25,"No","Yes","No","No",0,"No","No","No","No",60,"Yes","No","Yes","Yes","No",0,"No",60,"No","No",0,"No",0,0,0,"No",25,"No","Yes","No","No",60,"No","Yes","Yes","No","Yes",75,"Yes","Yes","Yes","No",TRUE,87,"GNB",1.323169276,-2.244319921,750,109.0870048,6846.980282
"guyana","GUY","GUY","Latin America & Caribbean","High income",2018,86.9,75,"Yes","Yes","No","Yes",100,"Yes","Yes","Yes","Yes",100,"Yes","Yes","Yes","Yes",80,"Yes","Yes","Yes","No","Yes",40,"No",91,"Yes","No",0,"No",0,0,0,"Yes",100,"Yes","Yes","Yes","Yes",100,"Yes","Yes","Yes","Yes","Yes",100,"Yes","Yes","Yes","Yes",TRUE,94,"GUY",24.65528603,6.63128131,6240,103.2925685,39664.49193
"haiti","HTI","HTI","Latin America & Caribbean","Lower middle income",2018,61.3,50,"No","Yes","No","Yes",50,"Yes","Yes","No","No",100,"Yes","Yes","Yes","Yes",40,"Yes","Yes","No","No","No",40,"No",84,"Yes","No",0,"No",0,0,0,"Yes",75,"No","Yes","Yes","Yes",60,"No","Yes","Yes","No","Yes",75,"Yes","Yes","Yes","No",TRUE,100,"HTI",0.6400930662,1.413684608,1420,98.84580982,9146.649052
"honduras","HND","HND","Latin America & Caribbean","Lower middle income",2018,75,100,"Yes","Yes","Yes","Yes",100,"Yes","Yes","Yes","Yes",50,"No","Yes","No","Yes",80,"Yes","Yes","Yes","Yes","No",20,"No",84,"No","No",0,"No",0,0,0,"Yes",100,"Yes","Yes","Yes","Yes",100,"Yes","Yes","Yes","Yes","Yes",50,"No","Yes","Yes","No",TRUE,97,"HND",5.993861207,2.632688216,2280,94.3511257,14519.77113
"hong kong sar, china","HKG","HKG","East Asia & Pacific","High income",2018,89.4,100,"Yes","Yes","Yes","Yes",100,"Yes","Yes","Yes","Yes",75,"No","Yes","Yes","Yes",100,"Yes","Yes","Yes","Yes","Yes",40,"No",70,"No","Yes",3,"No",0,0,0,"Yes",100,"Yes","Yes","Yes","Yes",100,"Yes","Yes","Yes","Yes","Yes",100,"Yes","Yes","Yes","Yes",TRUE,96,"HKG",26.82552406,-1.81900864,50050,100.1342513,127894.7497
"hungary","HUN","HUN","High income: OECD","High income",2018,93.8,100,"Yes","Yes","Yes","Yes",75,"Yes","Yes","Yes","No",75,"No","Yes","Yes","Yes",100,"Yes","Yes","Yes","Yes","Yes",100,"Yes",168,"Yes","Yes",7,"Yes",225,0,0,"Yes",100,"Yes","Yes","Yes","Yes",100,"Yes","Yes","Yes","Yes","Yes",100,"Yes","Yes","Yes","Yes",TRUE,101,"HUN",-40.08634599,5.21092168,14980,101.6713993,76984.16037
"iceland","ISL","ISL","High income: OECD","High income",2018,100,100,"Yes","Yes","Yes","Yes",100,"Yes","Yes","Yes","Yes",100,"Yes","Yes","Yes","Yes",100,"Yes","Yes","Yes","Yes","Yes",100,"Yes",90,"Yes","Yes",90,"Yes",90,0,0,"Yes",100,"Yes","Yes","Yes","Yes",100,"Yes","Yes","Yes","Yes","Yes",100,"Yes","Yes","Yes","Yes",TRUE,114,"ISL",-2.371280337,6.60388236,72600,93.878151,109622.2364
"india","IND","IND","South Asia","Lower middle income",2018,68.8,100,"Yes","Yes","Yes","Yes",100,"Yes","Yes","Yes","Yes",0,"No","No","No","No",100,"Yes","Yes","Yes","Yes","Yes",20,"Yes",182,"No","No",0,"No",0,0,0,"No",75,"No","Yes","Yes","Yes",80,"Yes","Yes","Yes","Yes","No",75,"Yes","Yes","Yes","No",TRUE,109,"IND",1.558214838,2.096466006,1980,93.31153535,22281.42509
"indonesia","IDN","IDN","East Asia & Pacific","Upper middle income",2018,64.4,100,"Yes","Yes","Yes","Yes",50,"Yes","Yes","No","No",75,"No","Yes","Yes","Yes",40,"Yes","No","Yes","No","No",40,"No",90,"No","Yes",2,"No",0,0,0,"Yes",75,"No","Yes","Yes","Yes",60,"Yes","No","No","Yes","Yes",75,"Yes","Yes","Yes","No",TRUE,106,"IDN",1.814289793,3.884157966,3850,100.5608786,25967.76205
"iran, islamic rep.","IRN","IRN","Middle East & North Africa","Lower middle income",2018,31.3,0,"No","No","No","No",0,"No","No","No","No",50,"No","Yes","No","Yes",0,"No","No","No","No","No",60,"Yes",180,"Yes","Yes",14,"No",0,0,0,"No",75,"No","Yes","Yes","Yes",40,"Yes","No","No","Yes","No",25,"No","Yes","No","No",TRUE,112,"IRN",0.7197628314,-2.275343535,4880,120.4132267,50193.10388
"iraq","IRQ","IRQ","Middle East & North Africa","Upper middle income",2018,45,25,"No","No","Yes","No",100,"Yes","Yes","Yes","Yes",50,"Yes","No","No","Yes",0,"No","No","No","No","No",20,"Yes",98,"No","No",0,"No",0,0,0,"No",75,"No","Yes","Yes","Yes",40,"Yes","No","No","Yes","No",50,"No","Yes","No","Yes",TRUE,113,"IRQ",-2.148548348,37.66335259,4780,136.6712965,65196.81447
"ireland","IRL","IRL","High income: OECD","High income",2018,97.5,100,"Yes","Yes","Yes","Yes",100,"Yes","Yes","Yes","Yes",100,"Yes","Yes","Yes","Yes",100,"Yes","Yes","Yes","Yes","Yes",80,"Yes",182,"Yes","Yes",14,"No",0,0,0,"Yes",100,"Yes","Yes","Yes","Yes",100,"Yes","Yes","Yes","Yes","Yes",100,"Yes","Yes","Yes","Yes",TRUE,111,"IRL",17.41993521,-13.91824628,59490,94.32052123,196625.997
"israel","ISR","ISR","High income: OECD","High income",2018,80.6,100,"Yes","Yes","Yes","Yes",100,"Yes","Yes","Yes","Yes",50,"Yes","Yes","No","No",60,"Yes","Yes","Yes","No","No",60,"Yes",105,"Yes","No",0,"No",0,0,0,"Yes",100,"Yes","Yes","Yes","Yes",100,"Yes","Yes","Yes","Yes","Yes",75,"No","Yes","Yes","Yes",TRUE,115,"ISR",5.711437206,-3.859095824,41520,95.44225162,97204.23359
"italy","ITA","ITA","High income: OECD","High income",2018,94.4,100,"Yes","Yes","Yes","Yes",100,"Yes","Yes","Yes","Yes",100,"Yes","Yes","Yes","Yes",80,"Yes","Yes","Yes","Yes","No",100,"Yes",150,"Yes","Yes",4,"Yes",0,180,210,"Yes",100,"Yes","Yes","Yes","Yes",100,"Yes","Yes","Yes","Yes","Yes",75,"No","Yes","Yes","Yes",TRUE,116,"ITA",2.115255482,1.853304868,33850,98.55294463,127358.281
"jamaica","JAM","JAM","Latin America & Caribbean","Upper middle income",2018,68.1,100,"Yes","Yes","Yes","Yes",25,"Yes","No","No","No",50,"No","Yes","Yes","No",100,"Yes","Yes","Yes","Yes","Yes",20,"No",56,"No","No",0,"No",0,0,0,"Yes",75,"No","Yes","Yes","Yes",100,"Yes","Yes","Yes","Yes","Yes",75,"Yes","Yes","Yes","No",TRUE,117,"JAM",4.924231151,4.096585237,5230,107.1074132,20951.44306
"japan","JPN","JPN","High income: OECD","High income",2018,78.8,100,"Yes","Yes","Yes","Yes",50,"Yes","Yes","No","No",25,"No","Yes","No","No",80,"Yes","Yes","Yes","Yes","No",100,"Yes",98,"Yes","Yes",0,"Yes",0,309,365,"Yes",75,"No","Yes","Yes","Yes",100,"Yes","Yes","Yes","Yes","Yes",100,"Yes","Yes","Yes","Yes",TRUE,119,"JPN",0.5016854824,-6.686717765,41800,97.09063519,85738.02228
"jordan","JOR","JOR","Middle East & North Africa","Lower middle income",2018,31.9,0,"No","No","No","No",0,"No","No","No","No",25,"No","No","Yes","No",20,"No","No","Yes","No","No",20,"No",70,"Yes","No",0,"No",0,0,0,"No",75,"No","Yes","Yes","Yes",40,"Yes","No","No","Yes","No",75,"No","Yes","Yes","Yes",TRUE,118,"JOR",2.201776866,1.994106486,4090,98.93645809,44015.34688
"kazakhstan","KAZ","KAZ","Europe & Central Asia","Upper middle income",2018,69.4,100,"Yes","Yes","Yes","Yes",50,"Yes","Yes","No","No",25,"No","Yes","No","No",100,"Yes","Yes","Yes","Yes","Yes",80,"Yes",126,"Yes","No",0,"Yes",309,0,0,"Yes",75,"No","Yes","Yes","Yes",100,"Yes","Yes","Yes","Yes","Yes",25,"No","No","No","Yes",TRUE,120,"KAZ",0.1969954268,3.800000002,8070,123.0727164,70197.64312
"kenya","KEN","KEN","Sub-Saharan Africa","Lower middle income",2018,83.8,100,"Yes","Yes","Yes","Yes",100,"Yes","Yes","Yes","Yes",100,"Yes","Yes","Yes","Yes",100,"Yes","Yes","Yes","Yes","Yes",40,"No",90,"No","Yes",14,"No",0,0,0,"Yes",75,"Yes","Yes","No","Yes",80,"Yes","Yes","No","Yes","Yes",75,"Yes","Yes","Yes","No",TRUE,121,"KEN",0.8326862178,5.72419942,1730,98.36794031,11873.1551
"kiribati","KIR","KIR","East Asia & Pacific","Lower middle income",2018,76.3,100,"Yes","Yes","Yes","Yes",100,"Yes","Yes","Yes","Yes",100,"Yes","Yes","Yes","Yes",100,"Yes","Yes","Yes","Yes","Yes",20,"No",84,"No","No",0,"No",0,0,0,"Yes",75,"No","Yes","Yes","Yes",40,"No","Yes","Yes","No","No",75,"Yes","Yes","Yes","No",TRUE,124,"KIR",-0.4893391277,NA,3260,109.1076206,NA
"korea, rep.","KOR","KOR","High income: OECD","High income",2018,85,100,"Yes","Yes","Yes","Yes",100,"Yes","Yes","Yes","Yes",25,"No","Yes","No","No",100,"Yes","Yes","Yes","Yes","Yes",80,"Yes",90,"No","Yes",3,"Yes",0,365,365,"Yes",75,"No","Yes","Yes","Yes",100,"Yes","Yes","Yes","Yes","Yes",100,"Yes","Yes","Yes","Yes",TRUE,126,"KOR",0.7060847998,0.1540870498,32740,95.43657922,86588.76494
"kosovo","KSV","KSV","Europe & Central Asia","Upper middle income",2018,91.9,100,"Yes","Yes","Yes","Yes",100,"Yes","Yes","Yes","Yes",100,"Yes","Yes","Yes","Yes",100,"Yes","Yes","Yes","Yes","Yes",60,"Yes",270,"No","Yes",7,"No",0,0,0,"Yes",100,"Yes","Yes","Yes","Yes",100,"Yes","Yes","Yes","Yes","Yes",75,"Yes","Yes","Yes","No",TRUE,261,"XKX",4.043060115,-10.44886032,4300,NA,NA
"kuwait","KWT","KWT","Middle East & North Africa","High income",2018,29.4,50,"No","No","Yes","Yes",0,"No","No","No","No",0,"No","No","No","No",20,"No","Yes","No","No","No",0,"No",70,"No","No",0,"No",0,0,0,"No",75,"No","Yes","Yes","Yes",40,"Yes","No","No","Yes","No",50,"No","Yes","Yes","No",TRUE,127,"KWT",-0.01546828983,-3.570425937,32300,125.1340927,88569.60468
"kyrgyz republic","KGZ","KGZ","Europe & Central Asia","Lower middle income",2018,76.9,100,"Yes","Yes","Yes","Yes",100,"Yes","Yes","Yes","Yes",25,"No","Yes","No","No",100,"Yes","Yes","Yes","Yes","Yes",40,"Yes",126,"No","No",0,"No",0,0,0,"Yes",100,"Yes","Yes","Yes","Yes",100,"Yes","Yes","Yes","Yes","Yes",50,"No","No","Yes","Yes",TRUE,122,"KGZ",1.743691786,2.604734839,1220,106.8977213,14817.6863
"lao pdr","LAO","LAO","East Asia & Pacific","Lower middle income",2018,85,100,"Yes","Yes","Yes","Yes",75,"Yes","Yes","Yes","No",75,"No","Yes","Yes","Yes",100,"Yes","Yes","Yes","Yes","Yes",80,"Yes",105,"Yes","Yes",3,"No",0,0,0,"Yes",100,"Yes","Yes","Yes","Yes",100,"Yes","Yes","Yes","Yes","Yes",50,"No","Yes","Yes","No",TRUE,129,"LAO",7.485648622,1.267605634,2470,114.3910181,19907.50534
"latvia","LVA","LVA","High income: OECD","High income",2018,100,100,"Yes","Yes","Yes","Yes",100,"Yes","Yes","Yes","Yes",100,"Yes","Yes","Yes","Yes",100,"Yes","Yes","Yes","Yes","Yes",100,"Yes",112,"Yes","Yes",10,"Yes",309,0,0,"Yes",100,"Yes","Yes","Yes","Yes",100,"Yes","Yes","Yes","Yes","Yes",100,"Yes","Yes","Yes","Yes",TRUE,145,"LVA",1.232361601,-3.626318637,16560,102.0892687,72245.47195
"lebanon","LBN","LBN","Middle East & North Africa","Lower middle income",2018,52.5,100,"Yes","Yes","Yes","Yes",50,"Yes","Yes","No","No",50,"No","Yes","Yes","No",60,"Yes","Yes","Yes","No","No",20,"No",70,"No","No",0,"No",0,0,0,"Yes",75,"No","Yes","Yes","Yes",40,"Yes","No","No","Yes","No",25,"No","No","Yes","No",TRUE,130,"LBN",4.84140309,-1.122553792,8750,102.3548345,51851.17425
"lesotho","LSO","LSO","Sub-Saharan Africa","Lower middle income",2018,78.1,100,"Yes","Yes","Yes","Yes",75,"Yes","Yes","Yes","No",75,"Yes","Yes","Yes","No",80,"Yes","Yes","No","Yes","Yes",20,"No",84,"No","No",0,"No",0,0,0,"Yes",75,"No","Yes","Yes","Yes",100,"Yes","Yes","Yes","Yes","Yes",100,"Yes","Yes","Yes","Yes",TRUE,141,"LSO",1.598987393,-13.25640991,1240,92.06839534,7962.908123
"liberia","LBR","LBR","Sub-Saharan Africa","Low income",2018,78.8,100,"Yes","Yes","Yes","Yes",100,"Yes","Yes","Yes","Yes",100,"Yes","Yes","Yes","Yes",80,"Yes","Yes","No","Yes","Yes",20,"Yes",98,"No","No",0,"No",0,0,0,"No",75,"No","Yes","Yes","Yes",80,"Yes","Yes","Yes","Yes","No",75,"Yes","Yes","Yes","No",TRUE,131,"LBR",3.772684939,1.196126472,620,107.2460603,3868.82858
"libya","LBY","LBY","Middle East & North Africa","Upper middle income",2018,50,75,"Yes","Yes","No","Yes",50,"Yes","Yes","No","No",75,"Yes","Yes","No","Yes",20,"Yes","No","No","No","No",40,"Yes",98,"No","No",0,"No",0,0,0,"Yes",75,"No","Yes","Yes","Yes",40,"Yes","No","No","Yes","No",25,"No","Yes","No","No",TRUE,132,"LBY",NA,4.319798459,11630,123.4306275,70732.86042
"lithuania","LTU","LTU","High income: OECD","High income",2018,93.8,100,"Yes","Yes","Yes","Yes",100,"Yes","Yes","Yes","Yes",100,"Yes","Yes","Yes","Yes",100,"Yes","Yes","Yes","Yes","Yes",100,"Yes",126,"Yes","Yes",30,"Yes",309,0,0,"Yes",100,"Yes","Yes","Yes","Yes",100,"Yes","Yes","Yes","Yes","Yes",50,"No","No","Yes","Yes",TRUE,143,"LTU",2.418246759,-10.70969814,17470,99.77945426,84904.31523
"luxembourg","LUX","LUX","High income: OECD","High income",2018,100,100,"Yes","Yes","Yes","Yes",100,"Yes","Yes","Yes","Yes",100,"Yes","Yes","Yes","Yes",100,"Yes","Yes","Yes","Yes","Yes",100,"Yes",112,"Yes","Yes",2,"Yes",0,180,180,"Yes",100,"Yes","Yes","Yes","Yes",100,"Yes","Yes","Yes","Yes","Yes",100,"Yes","Yes","Yes","Yes",TRUE,144,"LUX",-117.3747328,12.32302185,79770,94.02026486,280172.273
"madagascar","MDG","MDG","Sub-Saharan Africa","Low income",2018,66.9,75,"Yes","Yes","No","Yes",100,"Yes","Yes","Yes","Yes",25,"No","Yes","No","No",60,"Yes","No","No","Yes","Yes",40,"Yes",98,"No","No",0,"No",0,0,0,"Yes",75,"No","Yes","Yes","Yes",60,"Yes","No","No","Yes","Yes",100,"Yes","Yes","Yes","Yes",TRUE,151,"MDG",4.447927987,0.3543492971,490,75.86362926,3437.897336
"malawi","MWI","MWI","Sub-Saharan Africa","Low income",2018,77.5,50,"No","Yes","No","Yes",100,"Yes","Yes","Yes","Yes",100,"Yes","Yes","Yes","Yes",100,"Yes","Yes","Yes","Yes","Yes",20,"No",56,"No","No",0,"No",0,0,0,"Yes",75,"No","Yes","Yes","Yes",100,"Yes","Yes","Yes","Yes","Yes",75,"Yes","Yes","Yes","No",TRUE,168,"MWI",0.7794234693,0.2961871662,500,97.3626275,4805.260057
"malaysia","MYS","MYS","East Asia & Pacific","Upper middle income",2018,50,50,"No","No","Yes","Yes",50,"Yes","No","Yes","No",50,"No","Yes","Yes","No",40,"No","Yes","Yes","No","No",0,"No",60,"No","No",0,"No",0,0,0,"No",75,"No","Yes","Yes","Yes",60,"Yes","No","No","Yes","Yes",75,"Yes","Yes","Yes","No",TRUE,169,"MYS",2.314587212,0.1286315811,10360,97.37618718,64638.51304
"maldives","MDV","MDV","South Asia","Upper middle income",2018,73.8,100,"Yes","Yes","Yes","Yes",100,"Yes","Yes","Yes","Yes",75,"No","Yes","Yes","Yes",60,"Yes","Yes","Yes","No","No",40,"No",60,"No","Yes",3,"No",0,0,0,"Yes",100,"Yes","Yes","Yes","Yes",40,"Yes","No","No","Yes","No",75,"Yes","Yes","Yes","No",TRUE,152,"MDV",10.65176478,4.932963456,9880,111.1577172,44151.51312
"mali","MLI","MLI","Sub-Saharan Africa","Low income",2018,54.4,50,"No","Yes","No","Yes",25,"Yes","No","No","No",25,"No","Yes","No","No",20,"No","No","No","Yes","No",60,"Yes",98,"Yes","Yes",3,"No",0,0,0,"No",75,"No","Yes","Yes","Yes",80,"Yes","Yes","Yes","Yes","No",100,"Yes","Yes","Yes","Yes",TRUE,158,"MLI",2.737385131,5.880196933,800,103.8257337,7070.963568
"malta","MLT","MLT","Middle East & North Africa","High income",2018,88.8,100,"Yes","Yes","Yes","Yes",100,"Yes","Yes","Yes","Yes",75,"Yes","Yes","Yes","No",100,"Yes","Yes","Yes","Yes","Yes",60,"Yes",126,"No","Yes",1,"No",0,0,0,"Yes",100,"Yes","Yes","Yes","Yes",100,"Yes","Yes","Yes","Yes","Yes",75,"Yes","Yes","Yes","No",TRUE,159,"MLT",29.12205059,3.414484365,27610,98.73672225,103841.4592
"marshall islands","MHL","MHL","East Asia & Pacific","Upper middle income",2018,56.3,100,"Yes","Yes","Yes","Yes",25,"Yes","No","No","No",75,"No","Yes","Yes","Yes",100,"Yes","Yes","Yes","Yes","Yes",0,"No",0,"No","No",0,"No",0,0,0,"No",75,"No","Yes","Yes","Yes",0,"No","No","No","No","No",75,"Yes","Yes","Yes","No",TRUE,155,"MHL",4.444264528,20.87641348,5940,102.0585292,NA
"mauritania","MRT","MRT","Sub-Saharan Africa","Lower middle income",2018,48.1,100,"Yes","Yes","Yes","Yes",25,"No","Yes","No","No",25,"No","Yes","No","No",0,"No","No","No","No","No",60,"Yes",98,"Yes","Yes",1,"No",0,0,0,"No",75,"No","Yes","Yes","Yes",0,"No","No","No","No","No",100,"Yes","Yes","Yes","Yes",TRUE,166,"MRT",10.34167728,3.41014652,1710,106.9182456,29861.73937
"mauritius","MUS","MUS","Sub-Saharan Africa","Upper middle income",2018,89.4,100,"Yes","Yes","Yes","Yes",100,"Yes","Yes","Yes","Yes",100,"Yes","Yes","Yes","Yes",80,"Yes","Yes","Yes","Yes","No",60,"Yes",98,"No","Yes",7,"No",0,0,0,"Yes",100,"Yes","Yes","Yes","Yes",100,"Yes","Yes","Yes","Yes","Yes",75,"Yes","Yes","Yes","No",TRUE,167,"MUS",3.125141644,-1.289013775,11910,94.26894865,55696.38698
"mexico","MEX","MEX","Latin America & Caribbean","Upper middle income",2018,88.8,100,"Yes","Yes","Yes","Yes",100,"Yes","Yes","Yes","Yes",75,"No","Yes","Yes","Yes",100,"Yes","Yes","Yes","Yes","Yes",60,"No",84,"Yes","Yes",7,"No",0,0,0,"Yes",100,"Yes","Yes","Yes","Yes",100,"Yes","Yes","Yes","Yes","Yes",75,"Yes","Yes","Yes","No",TRUE,154,"MEX",3.013387108,2.459327018,9610,100.4576826,51880.31728
"micronesia, fed. sts.","FSM","FSM","East Asia & Pacific","Lower middle income",2018,58.8,100,"Yes","Yes","Yes","Yes",25,"Yes","No","No","No",75,"No","Yes","Yes","Yes",80,"Yes","Yes","No","Yes","Yes",0,"No",0,"No","No",0,"No",0,0,0,"No",75,"No","Yes","Yes","Yes",40,"No","Yes","Yes","No","No",75,"Yes","Yes","Yes","No",TRUE,79,"FSM",NA,-0.07225668171,3350,106.9582281,NA
"moldova","MDA","MDA","Europe & Central Asia","Upper middle income",2018,84.4,100,"Yes","Yes","Yes","Yes",75,"Yes","Yes","Yes","No",50,"Yes","Yes","No","No",100,"Yes","Yes","Yes","Yes","Yes",100,"Yes",126,"Yes","Yes",14,"Yes",1039,0,0,"Yes",100,"Yes","Yes","Yes","Yes",100,"Yes","Yes","Yes","Yes","Yes",50,"No","No","Yes","Yes",TRUE,150,"MDA",2.751779903,-4.904478244,3850,98.89908561,25983.50083
"mongolia","MNG","MNG","East Asia & Pacific","Lower middle income",2018,82.5,100,"Yes","Yes","Yes","Yes",100,"Yes","Yes","Yes","Yes",75,"No","Yes","Yes","Yes",100,"Yes","Yes","Yes","Yes","Yes",60,"Yes",120,"Yes","No",0,"No",0,0,0,"Yes",100,"Yes","Yes","Yes","Yes",100,"Yes","Yes","Yes","Yes","Yes",25,"No","No","Yes","No",TRUE,163,"MNG",14.80887971,6.508301949,3700,126.234295,39835.61687
"montenegro","MNE","MNE","Europe & Central Asia","Upper middle income",2018,78.8,100,"Yes","Yes","Yes","Yes",100,"Yes","Yes","Yes","Yes",0,"No","No","No","No",100,"Yes","Yes","Yes","Yes","Yes",80,"Yes",45,"Yes","No",0,"Yes",365,0,0,"Yes",100,"Yes","Yes","Yes","Yes",100,"Yes","Yes","Yes","Yes","Yes",50,"No","No","Yes","Yes",TRUE,162,"MNE",8.8189254,3.309091041,8450,NA,63047.94255
"morocco","MAR","MAR","Middle East & North Africa","Lower middle income",2018,73.1,100,"Yes","Yes","Yes","Yes",100,"Yes","Yes","Yes","Yes",50,"Yes","Yes","No","No",40,"Yes","Yes","No","No","No",80,"Yes",98,"Yes","Yes",3,"No",0,0,0,"Yes",100,"Yes","Yes","Yes","Yes",40,"Yes","No","No","Yes","No",75,"Yes","Yes","Yes","No",TRUE,148,"MAR",2.783379368,4.472000039,3380,91.48689458,29082.07243
"mozambique","MOZ","MOZ","Sub-Saharan Africa","Low income",2018,79.4,100,"Yes","Yes","Yes","Yes",100,"Yes","Yes","Yes","Yes",50,"No","Yes","No","Yes",100,"Yes","Yes","Yes","Yes","Yes",60,"No",60,"Yes","Yes",1,"No",0,0,0,"Yes",75,"No","Yes","Yes","Yes",100,"Yes","Yes","Yes","Yes","Yes",50,"No","Yes","No","Yes",TRUE,165,"MOZ",11.17414312,3.351564837,470,114.8341885,3582.649667
"myanmar","MMR","MMR","East Asia & Pacific","Lower middle income",2018,58.8,75,"Yes","Yes","No","Yes",25,"Yes","No","No","No",50,"No","Yes","Yes","No",80,"Yes","Yes","No","Yes","Yes",60,"Yes",98,"Yes","Yes",21,"No",0,0,0,"No",75,"No","Yes","Yes","Yes",80,"Yes","Yes","Yes","Yes","No",25,"No","No","Yes","No",TRUE,160,"MMR",2.605632299,2.686685823,1300,98.83898774,13381.30148
"namibia","NAM","NAM","Sub-Saharan Africa","Upper middle income",2018,80,75,"Yes","Yes","No","Yes",75,"Yes","Yes","Yes","No",75,"No","Yes","Yes","Yes",100,"Yes","Yes","Yes","Yes","Yes",40,"No",84,"Yes","No",0,"No",0,0,0,"Yes",75,"No","Yes","Yes","Yes",100,"Yes","Yes","Yes","Yes","Yes",100,"Yes","Yes","Yes","Yes",TRUE,171,"NAM",1.712998115,4.000817956,5000,102.3223756,39942.53912
"nepal","NPL","NPL","South Asia","Lower middle income",2018,55.6,100,"Yes","Yes","Yes","Yes",75,"Yes","No","Yes","Yes",50,"No","No","Yes","Yes",80,"Yes","Yes","Yes","No","Yes",0,"No",52,"No","No",0,"No",0,0,0,"No",75,"No","Yes","Yes","Yes",40,"Yes","No","No","Yes","No",25,"No","No","Yes","No",TRUE,178,"NPL",0.2061572019,2.60925954,1110,88.94290535,17542.59505
"netherlands","NLD","NLD","High income: OECD","High income",2018,97.5,100,"Yes","Yes","Yes","Yes",100,"Yes","Yes","Yes","Yes",100,"Yes","Yes","Yes","Yes",100,"Yes","Yes","Yes","Yes","Yes",80,"Yes",112,"Yes","Yes",2,"No",0,0,0,"Yes",100,"Yes","Yes","Yes","Yes",100,"Yes","Yes","Yes","Yes","Yes",100,"Yes","Yes","Yes","Yes",TRUE,176,"NLD",-31.3058436,-1.292254314,50540,99.74866333,127398.6123
"new zealand","NZL","NZL","High income: OECD","High income",2018,94.4,100,"Yes","Yes","Yes","Yes",100,"Yes","Yes","Yes","Yes",75,"No","Yes","Yes","Yes",100,"Yes","Yes","Yes","Yes","Yes",80,"Yes",0,"Yes","No",0,"Yes",126,0,0,"Yes",100,"Yes","Yes","Yes","Yes",100,"Yes","Yes","Yes","Yes","Yes",100,"Yes","Yes","Yes","Yes",TRUE,180,"NZL",1.187882825,6.799075732,41650,108.8052119,86475.81731
"nicaragua","NIC","NIC","Latin America & Caribbean","Lower middle income",2018,86.3,100,"Yes","Yes","Yes","Yes",100,"Yes","Yes","Yes","Yes",75,"No","Yes","Yes","Yes",100,"Yes","Yes","Yes","Yes","Yes",40,"No",84,"No","Yes",7,"No",0,0,0,"Yes",100,"Yes","Yes","Yes","Yes",100,"Yes","Yes","Yes","Yes","Yes",75,"Yes","Yes","Yes","No",TRUE,175,"NIC",6.430591725,1.082598012,1940,88.9424324,15977.11896
"niger","NER","NER","Sub-Saharan Africa","Low income",2018,53.8,75,"No","Yes","Yes","Yes",75,"No","Yes","Yes","Yes",50,"Yes","Yes","No","No",20,"Yes","No","No","No","No",60,"Yes",98,"No","Yes",1,"No",0,0,0,"Yes",50,"No","Yes","Yes","No",0,"No","No","No","No","No",100,"Yes","Yes","Yes","Yes",TRUE,173,"NER",3.630373995,7.89748601,570,92.23281961,4152.090945
"nigeria","NGA","NGA","Sub-Saharan Africa","Lower middle income",2018,63.1,50,"No","Yes","No","Yes",75,"Yes","No","Yes","Yes",50,"No","Yes","Yes","No",100,"Yes","Yes","Yes","Yes","Yes",0,"No",84,"No","No",0,"No",0,0,0,"No",75,"No","Yes","Yes","Yes",80,"Yes","Yes","Yes","Yes","No",75,"Yes","Yes","Yes","No",TRUE,174,"NGA",0.1838214957,2.122602829,2020,121.9568693,18504.24516
"north macedonia","MKD","MKD","Europe & Central Asia","Upper middle income",2018,85,100,"Yes","Yes","Yes","Yes",100,"Yes","Yes","Yes","Yes",50,"No","Yes","Yes","No",100,"Yes","Yes","Yes","Yes","Yes",80,"Yes",270,"Yes","Yes",2,"No",0,0,0,"Yes",100,"Yes","Yes","Yes","Yes",100,"Yes","Yes","Yes","Yes","Yes",50,"No","No","Yes","Yes",TRUE,157,"MKD",5.114948679,8.269693113,6050,96.97864143,58230.72031
"norway","NOR","NOR","High income: OECD","High income",2018,96.9,100,"Yes","Yes","Yes","Yes",100,"Yes","Yes","Yes","Yes",100,"Yes","Yes","Yes","Yes",100,"Yes","Yes","Yes","Yes","Yes",100,"Yes",0,"Yes","Yes",0,"Yes",182,91,70,"Yes",75,"No","Yes","Yes","Yes",100,"Yes","Yes","Yes","Yes","Yes",100,"Yes","Yes","Yes","Yes",TRUE,177,"NOR",-1.287964042,-1.2276271,80970,107.3444119,172911.8883
"oman","OMN","OMN","Middle East & North Africa","High income",2018,32.5,0,"No","No","No","No",50,"Yes","No","Yes","No",25,"No","No","No","Yes",20,"Yes","No","No","No","No",0,"No",50,"No","No",0,"No",0,0,0,"No",75,"No","Yes","Yes","Yes",40,"Yes","No","No","Yes","No",50,"No","Yes","Yes","No",TRUE,182,"OMN",6.120679854,21.80831149,17250,92.91569538,73022.93225
"pakistan","PAK","PAK","South Asia","Lower middle income",2018,50,75,"Yes","Yes","No","Yes",100,"Yes","Yes","Yes","Yes",25,"No","No","Yes","No",60,"Yes","Yes","Yes","No","No",0,"No",84,"No","No",0,"No",0,0,0,"No",50,"No","Yes","No","Yes",40,"Yes","No","No","Yes","No",50,"No","No","Yes","Yes",TRUE,184,"PAK",0.4877457507,3.876501225,1610,104.5681173,17855.62935
"palau","PLW","PLW","East Asia & Pacific","Upper middle income",2018,56.3,100,"Yes","Yes","Yes","Yes",25,"Yes","No","No","No",75,"No","Yes","Yes","Yes",100,"Yes","Yes","Yes","Yes","Yes",0,"No",0,"No","No",0,"No",0,0,0,"No",75,"No","Yes","Yes","Yes",0,"No","No","No","No","No",75,"Yes","Yes","Yes","No",TRUE,188,"PLW",17.43816944,-3.883589075,16170,100.4438557,NA
"panama","PAN","PAN","Latin America & Caribbean","High income",2018,79.4,100,"Yes","Yes","Yes","Yes",100,"Yes","Yes","Yes","Yes",50,"No","Yes","No","Yes",80,"Yes","Yes","Yes","Yes","No",80,"Yes",98,"Yes","Yes",3,"No",0,0,0,"Yes",75,"No","Yes","Yes","Yes",100,"Yes","Yes","Yes","Yes","Yes",50,"No","No","Yes","Yes",TRUE,185,"PAN",7.446895445,2.778941104,14820,101.8473436,73231.63109
"papua new guinea","PNG","PNG","East Asia & Pacific","Lower middle income",2018,60,75,"Yes","Yes","No","Yes",50,"Yes","Yes","No","No",25,"No","Yes","No","No",100,"Yes","Yes","Yes","Yes","Yes",0,"No",0,"No","No",0,"No",0,0,0,"No",75,"No","Yes","Yes","Yes",80,"Yes","Yes","Yes","Yes","No",75,"Yes","Yes","Yes","No",TRUE,189,"PNG",1.271855264,4.570944431,2330,105.5938145,14228.01651
"paraguay","PRY","PRY","Latin America & Caribbean","Upper middle income",2018,94.4,100,"Yes","Yes","Yes","Yes",100,"Yes","Yes","Yes","Yes",100,"Yes","Yes","Yes","Yes",100,"Yes","Yes","Yes","Yes","Yes",80,"Yes",98,"Yes","Yes",14,"No",0,0,0,"Yes",100,"Yes","Yes","Yes","Yes",100,"Yes","Yes","Yes","Yes","Yes",75,"Yes","Yes","Yes","No",TRUE,195,"PRY",0.5642765917,2.199268297,6040,96.94591656,32806.82624
"peru","PER","PER","Latin America & Caribbean","Upper middle income",2018,95,100,"Yes","Yes","Yes","Yes",100,"Yes","Yes","Yes","Yes",100,"Yes","Yes","Yes","Yes",80,"Yes","Yes","Yes","Yes","No",80,"Yes",98,"Yes","Yes",4,"No",0,0,0,"Yes",100,"Yes","Yes","Yes","Yes",100,"Yes","Yes","Yes","Yes","Yes",100,"Yes","Yes","Yes","Yes",TRUE,186,"PER",2.638246195,9.632057517,6430,106.7291151,28210.17565
"philippines","PHL","PHL","East Asia & Pacific","Lower middle income",2018,78.8,75,"Yes","Yes","No","Yes",100,"Yes","Yes","Yes","Yes",100,"Yes","Yes","Yes","Yes",60,"Yes","Yes","Yes","No","No",60,"No",60,"Yes","Yes",7,"No",0,0,0,"Yes",100,"Yes","Yes","Yes","Yes",60,"No","Yes","Yes","No","Yes",75,"Yes","Yes","Yes","No",TRUE,187,"PHL",2.868338261,1.117653566,3640,96.33749267,23073.24286
"poland","POL","POL","High income: OECD","High income",2018,93.8,100,"Yes","Yes","Yes","Yes",100,"Yes","Yes","Yes","Yes",100,"Yes","Yes","Yes","Yes",100,"Yes","Yes","Yes","Yes","Yes",100,"Yes",140,"Yes","Yes",14,"Yes",224,0,0,"Yes",100,"Yes","Yes","Yes","Yes",100,"Yes","Yes","Yes","Yes","Yes",50,"No","Yes","No","Yes",TRUE,190,"POL",3.261660831,-9.641153017,14180,98.0900311,78933.92457
"portugal","PRT","PRT","High income: OECD","High income",2018,97.5,100,"Yes","Yes","Yes","Yes",100,"Yes","Yes","Yes","Yes",100,"Yes","Yes","Yes","Yes",80,"Yes","Yes","Yes","Yes","No",100,"Yes",0,"Yes","Yes",35,"Yes",78,42,30,"Yes",100,"Yes","Yes","Yes","Yes",100,"Yes","Yes","Yes","Yes","Yes",100,"Yes","Yes","Yes","Yes",TRUE,194,"PRT",3.237994991,-1.059590949,22060,98.83564509,82779.92982
"puerto rico","PRI","PRI","Latin America & Caribbean","High income",2018,81.3,100,"Yes","Yes","Yes","Yes",100,"Yes","Yes","Yes","Yes",75,"No","Yes","Yes","Yes",80,"Yes","Yes","Yes","Yes","No",20,"No",56,"No","No",0,"No",0,0,0,"Yes",100,"Yes","Yes","Yes","Yes",100,"Yes","Yes","Yes","Yes","Yes",75,"Yes","Yes","Yes","No",TRUE,192,"PRI",NA,NA,21010,NA,135119.8388
"qatar","QAT","QAT","Middle East & North Africa","High income",2018,29.4,25,"No","No","Yes","No",0,"No","No","No","No",50,"No","Yes","No","Yes",20,"No","Yes","No","No","No",0,"No",50,"No","No",0,"No",0,0,0,"No",75,"No","Yes","Yes","Yes",40,"Yes","No","No","Yes","No",25,"No","No","Yes","No",TRUE,200,"QAT",-1.192496952,15.68580699,59150,112.593325,142600.3645
"romania","ROM","ROU","Europe & Central Asia","High income",2018,90.6,100,"Yes","Yes","Yes","Yes",100,"Yes","Yes","Yes","Yes",100,"Yes","Yes","Yes","Yes",100,"Yes","Yes","Yes","Yes","Yes",100,"Yes",126,"Yes","Yes",21,"Yes",607,30,30,"Yes",100,"Yes","Yes","Yes","Yes",100,"Yes","Yes","Yes","Yes","Yes",25,"No","No","No","Yes",TRUE,201,"ROU",3.018116041,13.75197472,11520,98.04091982,79634.5751
"russian federation","RUS","RUS","Europe & Central Asia","Upper middle income",2018,73.1,100,"Yes","Yes","Yes","Yes",50,"Yes","Yes","No","No",50,"Yes","Yes","No","No",80,"Yes","Yes","No","Yes","Yes",80,"Yes",140,"Yes","No",0,"Yes",475,0,0,"Yes",75,"No","Yes","Yes","Yes",100,"Yes","Yes","Yes","Yes","Yes",50,"No","No","Yes","Yes",TRUE,202,"RUS",0.5300607906,1.660168566,10180,108.0862067,76475.40949
"rwanda","RWA","RWA","Sub-Saharan Africa","Low income",2018,78.1,100,"Yes","Yes","Yes","Yes",100,"Yes","Yes","Yes","Yes",75,"No","Yes","Yes","Yes",80,"Yes","Yes","Yes","Yes","No",20,"No",84,"No","Yes",4,"No",0,0,0,"No",75,"No","Yes","Yes","Yes",100,"Yes","Yes","Yes","Yes","Yes",75,"Yes","Yes","Yes","No",TRUE,203,"RWA",3.79950137,6.111151947,770,106.0868348,7697.648835
"samoa","WSM","WSM","East Asia & Pacific","Lower middle income",2018,75,75,"Yes","Yes","No","Yes",100,"Yes","Yes","Yes","Yes",75,"No","Yes","Yes","Yes",100,"Yes","Yes","Yes","Yes","Yes",40,"No",28,"No","Yes",7,"No",0,0,0,"Yes",75,"No","Yes","Yes","Yes",60,"No","Yes","Yes","No","Yes",75,"Yes","Yes","Yes","No",TRUE,260,"WSM",1.902610356,-7.777705695,4060,101.4529378,22261.78384
"san marino","SMR","SMR","Europe & Central Asia","High income",2018,80,100,"Yes","Yes","Yes","Yes",50,"Yes","Yes","No","No",75,"No","Yes","Yes","Yes",80,"Yes","Yes","Yes","Yes","No",60,"Yes",635,"Yes","No",0,"No",0,0,0,"Yes",75,"No","Yes","Yes","Yes",100,"Yes","Yes","Yes","Yes","Yes",100,"Yes","Yes","Yes","Yes",TRUE,212,"SMR",NA,-18.68786286,42250,NA,NA
"sao tome and principe","STP","STP","Sub-Saharan Africa","Lower middle income",2018,68.8,100,"Yes","Yes","Yes","Yes",100,"Yes","Yes","Yes","Yes",0,"No","No","No","No",80,"Yes","Yes","Yes","Yes","No",20,"No",60,"Yes","No",0,"No",0,0,0,"No",75,"No","Yes","Yes","Yes",100,"Yes","Yes","Yes","Yes","Yes",75,"No","Yes","Yes","Yes",TRUE,219,"STP",6.175984186,-8.722495278,1660,76.07500741,20756.52805
"saudi arabia","SAU","SAU","Middle East & North Africa","High income",2018,31.9,0,"No","No","No","No",25,"Yes","No","No","No",25,"Yes","No","No","No",20,"No","No","Yes","No","No",20,"No",70,"No","Yes",3,"No",0,0,0,"No",75,"No","Yes","Yes","Yes",40,"Yes","No","No","Yes","No",50,"No","Yes","No","Yes",TRUE,205,"SAU",1.434131292,2.137810333,22030,125.0010893,122814.314
"senegal","SEN","SEN","Sub-Saharan Africa","Lower middle income",2018,63.8,75,"No","Yes","Yes","Yes",75,"Yes","No","Yes","Yes",25,"No","Yes","No","No",60,"Yes","No","Yes","Yes","No",60,"Yes",98,"Yes","Yes",1,"No",0,0,0,"No",75,"No","Yes","Yes","Yes",40,"Yes","No","No","Yes","No",100,"Yes","Yes","Yes","Yes",TRUE,207,"SEN",3.66765809,8.097313072,1420,102.1447503,14967.15523
"serbia","SRB","SRB","Europe & Central Asia","Upper middle income",2018,93.8,100,"Yes","Yes","Yes","Yes",100,"Yes","Yes","Yes","Yes",100,"Yes","Yes","Yes","Yes",100,"Yes","Yes","Yes","Yes","Yes",100,"Yes",135,"Yes","Yes",7,"Yes",230,0,0,"Yes",100,"Yes","Yes","Yes","Yes",100,"Yes","Yes","Yes","Yes","Yes",50,"No","No","Yes","Yes",TRUE,214,"SRB",8.040761787,15.11485598,6410,97.79052016,48457.10168
"seychelles","SYC","SYC","Sub-Saharan Africa","High income",2018,76.3,75,"Yes","Yes","No","Yes",50,"Yes","Yes","No","No",75,"No","Yes","Yes","Yes",100,"Yes","Yes","Yes","Yes","Yes",80,"Yes",98,"Yes","Yes",7,"No",0,0,0,"Yes",75,"No","Yes","Yes","Yes",80,"Yes","Yes","Yes","Yes","No",75,"Yes","Yes","Yes","No",TRUE,226,"SYC",17.10306629,8.303142352,17620,104.6555429,NA
"sierra leone","SLE","SLE","Sub-Saharan Africa","Low income",2018,63.1,100,"Yes","Yes","Yes","Yes",25,"Yes","No","No","No",50,"No","Yes","Yes","No",100,"Yes","Yes","Yes","Yes","Yes",0,"No",84,"No","No",0,"No",0,0,0,"No",75,"No","Yes","Yes","Yes",80,"Yes","Yes","Yes","Yes","No",75,"Yes","Yes","Yes","No",TRUE,210,"SLE",6.130698673,3.908077089,510,117.8256249,5221.45051
"singapore","SGP","SGP","East Asia & Pacific","High income",2018,82.5,100,"Yes","Yes","Yes","Yes",75,"Yes","No","Yes","Yes",75,"No","Yes","Yes","Yes",100,"Yes","Yes","Yes","Yes","Yes",60,"Yes",91,"No","Yes",14,"Yes",28,0,0,"No",75,"No","Yes","Yes","Yes",100,"Yes","Yes","Yes","Yes","Yes",75,"Yes","Yes","Yes","No",TRUE,208,"SGP",21.7592915,3.109540636,56550,95.01135483,201102.8306
"slovak republic","SVK","SVK","High income: OECD","High income",2018,94.4,100,"Yes","Yes","Yes","Yes",100,"Yes","Yes","Yes","Yes",75,"No","Yes","Yes","Yes",100,"Yes","Yes","Yes","Yes","Yes",80,"Yes",238,"Yes","No",0,"Yes",899,0,0,"Yes",100,"Yes","Yes","Yes","Yes",100,"Yes","Yes","Yes","Yes","Yes",100,"Yes","Yes","Yes","Yes",TRUE,221,"SVK",2.12068481,13.58786717,18400,102.8184223,77230.01575
"slovenia","SVN","SVN","High income: OECD","High income",2018,90.6,100,"Yes","Yes","Yes","Yes",100,"Yes","Yes","Yes","Yes",75,"Yes","Yes","Yes","No",100,"Yes","Yes","Yes","Yes","Yes",100,"Yes",105,"Yes","Yes",21,"Yes",0,130,130,"Yes",100,"Yes","Yes","Yes","Yes",100,"Yes","Yes","Yes","Yes","Yes",50,"No","No","Yes","Yes",TRUE,222,"SVN",2.83905082,20.97159613,24650,98.05805108,93028.67133
"solomon islands","SLB","SLB","East Asia & Pacific","Lower middle income",2018,56.9,75,"Yes","Yes","No","Yes",25,"Yes","No","No","No",25,"No","No","Yes","No",100,"Yes","Yes","Yes","Yes","Yes",0,"No",84,"No","No",0,"No",0,0,0,"No",75,"No","Yes","Yes","Yes",80,"Yes","Yes","Yes","Yes","No",75,"Yes","Yes","Yes","No",TRUE,209,"SLB",1.54706752,0.3776365478,2320,96.76166852,5781.621377
"somalia","SOM","SOM","Sub-Saharan Africa","Low income",2018,46.9,75,"No","Yes","Yes","Yes",50,"Yes","Yes","No","No",50,"Yes","No","Yes","No",20,"Yes","No","No","No","No",40,"Yes",98,"No","No",0,"No",0,0,0,"Yes",75,"No","Yes","Yes","Yes",40,"Yes","No","No","Yes","No",25,"No","No","Yes","No",TRUE,213,"SOM",4.928600337,NA,550,105.2715754,10685.02497
"south africa","ZAF","ZAF","Sub-Saharan Africa","Upper middle income",2018,88.1,100,"Yes","Yes","Yes","Yes",100,"Yes","Yes","Yes","Yes",100,"Yes","Yes","Yes","Yes",100,"Yes","Yes","Yes","Yes","Yes",80,"Yes",120,"Yes","Yes",3,"No",0,0,0,"Yes",100,"Yes","Yes","Yes","Yes",100,"Yes","Yes","Yes","Yes","Yes",25,"No","No","Yes","No",TRUE,263,"ZAF",1.374291172,0.4929364007,6390,105.938335,47334.8502
"south sudan","SSD","SSD","Sub-Saharan Africa","Low income",2018,49.4,100,"Yes","Yes","Yes","Yes",75,"Yes","No","Yes","Yes",0,"No","No","No","No",80,"Yes","Yes","No","Yes","Yes",20,"No",56,"No","No",0,"No",0,0,0,"Yes",75,"No","Yes","Yes","Yes",20,"No","Yes","No","No","No",25,"No","No","Yes","No",TRUE,216,"SSD",NA,NA,NA,NA,NA
"spain","ESP","ESP","High income: OECD","High income",2018,97.5,100,"Yes","Yes","Yes","Yes",100,"Yes","Yes","Yes","Yes",100,"Yes","Yes","Yes","Yes",100,"Yes","Yes","Yes","Yes","Yes",80,"Yes",112,"Yes","Yes",30,"No",0,0,0,"Yes",100,"Yes","Yes","Yes","Yes",100,"Yes","Yes","Yes","Yes","Yes",100,"Yes","Yes","Yes","Yes",TRUE,70,"ESP",4.123659565,7.504873294,29330,97.66468199,110408.4788
"sri lanka","LKA","LKA","South Asia","Lower middle income",2018,63.1,100,"Yes","Yes","Yes","Yes",75,"Yes","No","Yes","Yes",25,"No","No","Yes","No",100,"Yes","Yes","Yes","Yes","Yes",20,"No",84,"No","No",0,"No",0,0,0,"Yes",75,"No","Yes","Yes","Yes",60,"Yes","No","Yes","Yes","No",50,"No","Yes","Yes","No",TRUE,138,"LKA",1.708093857,6.265467041,4360,105.6030862,39367.62845
"st. kitts and nevis","KNA","KNA","Latin America & Caribbean","High income",2018,71.3,100,"Yes","Yes","Yes","Yes",25,"Yes","No","No","No",50,"No","Yes","Yes","No",100,"Yes","Yes","Yes","Yes","Yes",40,"No",91,"Yes","No",0,"No",0,0,0,"Yes",75,"No","Yes","Yes","Yes",80,"Yes","Yes","Yes","Yes","No",100,"Yes","Yes","Yes","Yes",TRUE,125,"KNA",3.720387916,1.215953307,21580,94.51332943,NA
"st. lucia","LCA","LCA","Latin America & Caribbean","Upper middle income",2018,83.8,75,"Yes","Yes","No","Yes",100,"Yes","Yes","Yes","Yes",100,"Yes","Yes","Yes","Yes",80,"Yes","Yes","Yes","No","Yes",40,"No",91,"Yes","No",0,"No",0,0,0,"Yes",75,"No","Yes","Yes","Yes",100,"Yes","Yes","Yes","Yes","Yes",100,"Yes","Yes","Yes","Yes",TRUE,133,"LCA",2.208791001,13.85504334,11010,103.7657006,48578.43481
"st. vincent and the grenadines","VCT","VCT","Latin America & Caribbean","Upper middle income",2018,68.1,75,"Yes","Yes","No","Yes",25,"Yes","No","No","No",50,"No","Yes","Yes","No",100,"Yes","Yes","Yes","Yes","Yes",20,"No",91,"No","No",0,"No",0,0,0,"Yes",75,"No","Yes","Yes","Yes",100,"Yes","Yes","Yes","Yes","Yes",100,"Yes","Yes","Yes","Yes",TRUE,253,"VCT",4.524123833,5.638185326,8340,114.2392391,39066.12318
"sudan","SDN","SDN","Sub-Saharan Africa","Low income",2018,29.4,0,"No","No","No","No",0,"No","No","No","No",0,"No","No","No","No",0,"No","No","No","No","No",20,"No",56,"No","No",0,"No",0,0,0,"Yes",75,"No","Yes","Yes","Yes",40,"Yes","No","No","Yes","No",100,"Yes","Yes","Yes","Yes",TRUE,206,"SDN",3.512695239,-1.799999126,860,106.5071149,17074.31684
"suriname","SUR","SUR","Latin America & Caribbean","Upper middle income",2018,60,75,"Yes","Yes","No","Yes",25,"Yes","No","No","No",75,"No","Yes","Yes","Yes",80,"Yes","Yes","Yes","Yes","No",0,"No",0,"No","No",0,"No",0,0,0,"No",50,"No","Yes","No","Yes",100,"Yes","Yes","Yes","Yes","Yes",75,"Yes","Yes","Yes","No",TRUE,220,"SUR",3.277133363,-8.494731255,5790,105.5119356,60889.39929
"sweden","SWE","SWE","High income: OECD","High income",2018,100,100,"Yes","Yes","Yes","Yes",100,"Yes","Yes","Yes","Yes",100,"Yes","Yes","Yes","Yes",100,"Yes","Yes","Yes","Yes","Yes",100,"Yes",0,"Yes","Yes",14,"Yes",300,90,90,"Yes",100,"Yes","Yes","Yes","Yes",100,"Yes","Yes","Yes","Yes","Yes",100,"Yes","Yes","Yes","Yes",TRUE,223,"SWE",-0.128570794,-10.13837065,55700,97.15869866,121393.6155
"switzerland","CHE","CHE","High income: OECD","High income",2018,85.6,100,"Yes","Yes","Yes","Yes",100,"Yes","Yes","Yes","Yes",100,"Yes","Yes","Yes","Yes",100,"Yes","Yes","Yes","Yes","Yes",60,"Yes",98,"Yes","No",0,"No",0,0,0,"Yes",75,"No","Yes","Yes","Yes",100,"Yes","Yes","Yes","Yes","Yes",50,"No","No","Yes","Yes",TRUE,37,"CHE",-22.10511983,8.521517746,82470,NA,144180.7126
"syrian arab republic","SYR","SYR","Middle East & North Africa","Low income",2018,34.4,25,"No","No","Yes","No",25,"No","Yes","No","No",0,"No","No","No","No",20,"No","Yes","No","No","No",40,"Yes",120,"No","No",0,"No",0,0,0,"Yes",75,"No","Yes","Yes","Yes",40,"Yes","No","No","Yes","No",50,"No","Yes","Yes","No",TRUE,227,"SYR",NA,-14.71144252,820,96.08807108,15365.39034
"taiwan, china","TWN","TWN","East Asia & Pacific","High income",2018,91.3,100,"Yes","Yes","Yes","Yes",100,"Yes","Yes","Yes","Yes",100,"Yes","Yes","Yes","Yes",100,"Yes","Yes","Yes","Yes","Yes",80,"Yes",56,"No","Yes",5,"Yes",180,0,0,"Yes",75,"No","Yes","Yes","Yes",100,"Yes","Yes","Yes","Yes","Yes",75,"Yes","Yes","Yes","No",FALSE,NA,NA,NA,NA,NA,NA,NA
"tajikistan","TJK","TJK","Europe & Central Asia","Lower middle income",2018,78.8,100,"Yes","Yes","Yes","Yes",50,"Yes","Yes","No","No",50,"Yes","Yes","No","No",100,"Yes","Yes","Yes","Yes","Yes",80,"Yes",140,"Yes","No",0,"Yes",0,478,0,"Yes",100,"Yes","Yes","Yes","Yes",100,"Yes","Yes","Yes","Yes","Yes",50,"No","No","Yes","Yes",TRUE,234,"TJK",2.844330101,6.999999215,1020,129.9368215,14450.93516
"tanzania","TZA","TZA","Sub-Saharan Africa","Lower middle income",2018,81.3,100,"Yes","Yes","Yes","Yes",100,"Yes","Yes","Yes","Yes",100,"Yes","Yes","Yes","Yes",80,"Yes","Yes","No","Yes","Yes",60,"No",84,"Yes","Yes",3,"No",0,0,0,"Yes",75,"No","Yes","Yes","Yes",60,"Yes","No","No","Yes","Yes",75,"Yes","Yes","Yes","No",TRUE,246,"TZA",1.704409795,3.435792602,1000,101.0347264,7299.783778
"thailand","THA","THA","East Asia & Pacific","Upper middle income",2018,75,100,"Yes","Yes","Yes","Yes",100,"Yes","Yes","Yes","Yes",50,"No","Yes","Yes","No",80,"Yes","Yes","Yes","Yes","No",20,"No",90,"No","No",0,"No",0,0,0,"Yes",75,"No","Yes","Yes","Yes",100,"Yes","Yes","Yes","Yes","Yes",75,"Yes","Yes","Yes","No",TRUE,233,"THA",2.712798351,6.096792696,6450,98.53646981,37331.74227
"timor-leste","TMP","TLS","East Asia & Pacific","Lower middle income",2018,80.6,100,"Yes","Yes","Yes","Yes",75,"Yes","Yes","Yes","No",100,"Yes","Yes","Yes","Yes",80,"Yes","Yes","Yes","Yes","No",40,"No",84,"No","Yes",7,"No",0,0,0,"Yes",75,"No","Yes","Yes","Yes",100,"Yes","Yes","Yes","Yes","Yes",75,"Yes","Yes","Yes","No",TRUE,237,"TLS",3.060080085,2.893846736,1820,NA,10433.56298
"togo","TGO","TGO","Sub-Saharan Africa","Low income",2018,84.4,100,"Yes","Yes","Yes","Yes",100,"Yes","Yes","Yes","Yes",100,"Yes","Yes","Yes","Yes",60,"Yes","Yes","No","Yes","No",60,"Yes",98,"No","Yes",2,"No",0,0,0,"Yes",75,"No","Yes","Yes","Yes",80,"Yes","Yes","Yes","Yes","No",100,"Yes","Yes","Yes","Yes",TRUE,232,"TGO",-2.574548034,4.619178876,860,104.6769731,7607.293216
"tonga","TON","TON","East Asia & Pacific","Upper middle income",2018,58.8,100,"Yes","Yes","Yes","Yes",25,"Yes","No","No","No",75,"No","Yes","Yes","Yes",100,"Yes","Yes","Yes","Yes","Yes",0,"No",0,"No","No",0,"No",0,0,0,"No",75,"No","Yes","Yes","Yes",20,"No","No","No","Yes","No",75,"Yes","Yes","Yes","No",TRUE,239,"TON",4.747491151,0.3723471435,4710,97.73270934,20474.7686
"trinidad and tobago","TTO","TTO","Latin America & Caribbean","High income",2018,75,75,"Yes","Yes","No","Yes",50,"Yes","Yes","No","No",75,"No","Yes","Yes","Yes",80,"Yes","Yes","Yes","No","Yes",20,"Yes",98,"No","No",0,"No",0,0,0,"No",100,"Yes","Yes","Yes","Yes",100,"Yes","Yes","Yes","Yes","Yes",100,"Yes","Yes","Yes","Yes",TRUE,242,"TTO",-2.849865423,8.588692432,15430,99.72327762,69526.75359
"tunisia","TUN","TUN","Middle East & North Africa","Lower middle income",2018,55.6,100,"Yes","Yes","Yes","Yes",25,"Yes","No","No","No",25,"No","No","Yes","No",40,"Yes","No","No","Yes","No",40,"No",30,"Yes","Yes",1,"No",0,0,0,"No",75,"No","Yes","Yes","Yes",40,"Yes","No","No","Yes","No",100,"Yes","Yes","Yes","Yes",TRUE,243,"TUN",2.322476239,5.877049427,3650,96.53600445,43181.50093
"turkiye","TUR","TUR","Europe & Central Asia","Upper middle income",2018,82.5,100,"Yes","Yes","Yes","Yes",100,"Yes","Yes","Yes","Yes",75,"Yes","Yes","Yes","No",80,"Yes","Yes","Yes","Yes","No",80,"Yes",112,"Yes","Yes",7,"No",0,0,0,"Yes",75,"No","Yes","Yes","Yes",100,"Yes","Yes","Yes","Yes","Yes",50,"No","Yes","Yes","No",TRUE,244,"TUR",1.598259861,2.301302053,10650,94.97214372,79410.73319
"uganda","UGA","UGA","Sub-Saharan Africa","Low income",2018,70,50,"No","Yes","No","Yes",100,"Yes","Yes","Yes","Yes",100,"Yes","Yes","Yes","Yes",80,"Yes","Yes","Yes","No","Yes",40,"No",84,"No","Yes",4,"No",0,0,0,"Yes",75,"No","Yes","Yes","Yes",40,"Yes","No","No","Yes","No",75,"Yes","Yes","Yes","No",TRUE,247,"UGA",3.205128106,4.389182904,770,95.00714457,7255.282295
"ukraine","UKR","UKR","Europe & Central Asia","Lower middle income",2018,76.3,100,"Yes","Yes","Yes","Yes",100,"Yes","Yes","Yes","Yes",0,"No","No","No","No",100,"Yes","Yes","Yes","Yes","Yes",60,"Yes",126,"Yes","No",0,"No",0,0,0,"Yes",100,"Yes","Yes","Yes","Yes",100,"Yes","Yes","Yes","Yes","Yes",50,"No","No","Yes","Yes",TRUE,248,"UKR",3.800869918,8.176656568,2750,101.0040225,37439.88109
"united arab emirates","ARE","ARE","Middle East & North Africa","High income",2018,26.9,0,"No","No","No","No",0,"No","No","No","No",0,"No","No","No","No",0,"No","No","No","No","No",0,"No",45,"No","No",0,"No",0,0,0,"No",75,"No","Yes","Yes","Yes",40,"Yes","No","No","Yes","No",100,"Yes","Yes","Yes","Yes",TRUE,8,"ARE",2.43186976,4.904115343,44350,110.2376699,102782.4589
"united kingdom","GBR","GBR","High income: OECD","High income",2018,97.5,100,"Yes","Yes","Yes","Yes",100,"Yes","Yes","Yes","Yes",100,"Yes","Yes","Yes","Yes",100,"Yes","Yes","Yes","Yes","Yes",80,"Yes",42,"No","Yes",14,"Yes",231,0,0,"Yes",100,"Yes","Yes","Yes","Yes",100,"Yes","Yes","Yes","Yes","Yes",100,"Yes","Yes","Yes","Yes",TRUE,81,"GBR",-0.8726043337,-10.1986969,42020,96.51743743,108266.0758
"united states","USA","USA","High income: OECD","High income",2018,83.8,100,"Yes","Yes","Yes","Yes",100,"Yes","Yes","Yes","Yes",75,"No","Yes","Yes","Yes",100,"Yes","Yes","Yes","Yes","Yes",20,"No",0,"No","No",0,"No",0,0,0,"Yes",100,"Yes","Yes","Yes","Yes",100,"Yes","Yes","Yes","Yes","Yes",75,"Yes","Yes","Yes","No",TRUE,251,"USA",1.039454088,NA,63360,99.84264359,140100.9361
"uruguay","URY","URY","Latin America & Caribbean","High income",2018,85.6,100,"Yes","Yes","Yes","Yes",100,"Yes","Yes","Yes","Yes",50,"No","Yes","Yes","No",80,"Yes","Yes","Yes","Yes","No",80,"Yes",98,"Yes","Yes",13,"No",0,0,0,"Yes",75,"No","Yes","Yes","Yes",100,"Yes","Yes","Yes","Yes","Yes",100,"Yes","Yes","Yes","Yes",TRUE,250,"URY",2.642230703,5.836155062,17530,97.41214312,63719.35465
"uzbekistan","UZB","UZB","Europe & Central Asia","Lower middle income",2018,64.4,100,"Yes","Yes","Yes","Yes",50,"Yes","Yes","No","No",25,"No","Yes","No","No",80,"Yes","Yes","No","Yes","Yes",60,"Yes",126,"No","No",0,"Yes",674,0,0,"Yes",75,"No","Yes","Yes","Yes",100,"Yes","Yes","Yes","Yes","Yes",25,"No","No","No","Yes",TRUE,252,"UZB",1.181549569,-0.002875893089,2120,108.5302624,19578.6375
"vanuatu","VUT","VUT","East Asia & Pacific","Lower middle income",2018,55.6,75,"No","Yes","Yes","Yes",25,"Yes","No","No","No",50,"No","No","Yes","Yes",80,"Yes","No","Yes","Yes","Yes",0,"No",84,"No","No",0,"No",0,0,0,"No",100,"Yes","Yes","Yes","Yes",40,"No","Yes","Yes","No","No",75,"Yes","Yes","Yes","No",TRUE,258,"VUT",4.108663913,0.8983530195,3120,102.4077417,8475.422234
"venezuela, rb","VEN","VEN","Latin America & Caribbean","Not classified",2018,85,100,"Yes","Yes","Yes","Yes",100,"Yes","Yes","Yes","Yes",75,"No","Yes","Yes","Yes",100,"Yes","Yes","Yes","Yes","Yes",80,"Yes",182,"Yes","Yes",14,"No",0,0,0,"Yes",75,"No","Yes","Yes","Yes",100,"Yes","Yes","Yes","Yes","Yes",50,"No","Yes","Yes","No",TRUE,254,"VEN",NA,NA,NA,121.1817316,NA
"viet nam","VNM","VNM","East Asia & Pacific","Lower middle income",2018,81.9,100,"Yes","Yes","Yes","Yes",100,"Yes","Yes","Yes","Yes",50,"Yes","Yes","No","No",100,"Yes","Yes","Yes","Yes","Yes",80,"Yes",180,"Yes","Yes",5,"No",0,0,0,"Yes",100,"Yes","Yes","Yes","Yes",100,"Yes","Yes","Yes","Yes","Yes",25,"No","No","No","Yes",TRUE,257,"VNM",4.998283196,4.115443621,3060,102.5841634,19275.36283
"west bank and gaza","WBG","PSE","Middle East & North Africa","Upper middle income",2018,38.1,25,"No","No","Yes","No",25,"No","Yes","No","No",0,"No","No","No","No",20,"No","Yes","No","No","No",20,"No",84,"Yes","No",0,"No",0,0,0,"No",75,"No","Yes","Yes","Yes",40,"Yes","No","No","Yes","No",100,"Yes","Yes","Yes","Yes",TRUE,196,"PSE",1.294462944,1.582720417,4190,92.48248247,32977.4417
"yemen, rep.","YEM","YEM","Middle East & North Africa","Low income",2018,26.9,25,"No","No","No","Yes",25,"No","Yes","No","No",25,"No","No","No","Yes",0,"No","No","No","No","No",0,"No",70,"No","No",0,"No",0,0,0,"No",75,"No","Yes","Yes","Yes",40,"Yes","No","No","Yes","No",25,"No","No","Yes","No",TRUE,262,"YEM",-1.305638398,7.419461927,820,118.4928268,NA
"zambia","ZMB","ZMB","Sub-Saharan Africa","Lower middle income",2018,78.8,75,"Yes","Yes","No","Yes",100,"Yes","Yes","Yes","Yes",100,"Yes","Yes","Yes","Yes",80,"Yes","Yes","Yes","No","Yes",20,"No",90,"No","No",0,"No",0,0,0,"Yes",100,"Yes","Yes","Yes","Yes",80,"Yes","Yes","Yes","Yes","No",75,"Yes","Yes","Yes","No",TRUE,264,"ZMB",1.552318867,-21.1774974,1400,103.0574629,11922.22488
"zimbabwe","ZWE","ZWE","Sub-Saharan Africa","Lower middle income",2018,86.9,100,"Yes","Yes","Yes","Yes",100,"Yes","Yes","Yes","Yes",75,"No","Yes","Yes","Yes",80,"Yes","Yes","Yes","No","Yes",40,"Yes",98,"No","No",0,"No",0,0,0,"Yes",100,"Yes","Yes","Yes","Yes",100,"Yes","Yes","Yes","Yes","Yes",100,"Yes","Yes","Yes","Yes",TRUE,265,"ZWE",2.101721082,18.40694047,1550,100.2339162,10398.78745
